type,name,create_date,modify_date,definition_length
SQL_INLINE_TABLE_VALUED_FUNCTION,Calc_BedBes_UseInFuncDate,2026-09-08 11:13:05.003000,2026-09-26 12:39:08.930000,1077
SQL_INLINE_TABLE_VALUED_FUNCTION,Calc_BedBes_UseInFuncDateArz,2026-09-10 18:32:13.993000,2026-09-26 12:39:08.933000,1133
SQL_INLINE_TABLE_VALUED_FUNCTION,Calc_BedBes_UseInFuncDateBetween2,2026-09-10 18:32:13.350000,2026-09-26 12:39:08.933000,1078
SQL_INLINE_TABLE_VALUED_FUNCTION,Calc_BedBes_UseInFuncDateBetween4,2026-09-10 18:32:13.357000,2026-09-26 12:39:08.933000,1169
SQL_INLINE_TABLE_VALUED_FUNCTION,Calc_BedBes_UseInTimeArz,2026-09-10 18:32:14.003000,2026-09-26 12:39:08.937000,1150
SQL_INLINE_TABLE_VALUED_FUNCTION,Calc_Mandeh_CustomerFuncDate,2026-09-08 11:13:05.010000,2026-09-26 12:39:08.933000,654
SQL_SCALAR_FUNCTION,CalcKarmozd,2026-09-10 18:32:13.323000,2026-09-26 12:39:08.917000,871
SQL_SCALAR_FUNCTION,CatchSerialCode,2026-09-10 18:32:13.793000,2026-09-26 12:39:08.920000,935
SQL_SCALAR_FUNCTION,ConvertTableTocommaText,2026-09-10 18:32:14.427000,2026-09-26 12:39:08.927000,2945
SQL_SCALAR_FUNCTION,FewExist1,2026-09-08 11:13:04.457000,2026-09-26 12:39:08.920000,1600
SQL_SCALAR_FUNCTION,FewExist2,2026-09-08 11:13:04.460000,2026-09-26 12:39:08.920000,1608
SQL_SCALAR_FUNCTION,GetDateFromDateTime,2026-09-08 11:13:04.737000,2026-09-26 12:39:08.930000,635
SQL_SCALAR_FUNCTION,GetMSA_Name,2026-09-08 11:13:04.727000,2026-09-26 12:39:08.927000,1178
SQL_SCALAR_FUNCTION,getPoshakId,2026-09-08 11:13:04.940000,2026-09-26 12:39:08.913000,524
SQL_SCALAR_FUNCTION,getTreeLevelName,2026-09-08 11:13:04.807000,2026-09-26 12:39:08.930000,402
SQL_SCALAR_FUNCTION,GetVatSarfasl,2026-09-08 11:13:04.683000,2026-09-26 12:39:08.927000,638
SQL_SCALAR_FUNCTION,IsZero,2026-09-08 11:13:04.887000,2026-09-26 12:39:08.910000,208
SQL_SCALAR_FUNCTION,LastLevelAnbToAnb,2026-09-10 18:32:13.380000,2026-09-26 12:39:08.917000,360
SQL_SCALAR_FUNCTION,MiladiToShamsi,2026-09-08 11:13:04.847000,2026-09-26 12:39:08.910000,1227
SQL_SCALAR_FUNCTION,ProducCode,2026-09-08 11:12:40.360000,2026-09-26 12:39:08.917000,488
SQL_SCALAR_FUNCTION,ProducCode2,2026-09-08 11:13:04.583000,2026-09-26 12:39:08.927000,206
SQL_SCALAR_FUNCTION,ProducCode4,2026-09-08 11:13:04.583000,2026-09-26 12:39:08.927000,203
SQL_SCALAR_FUNCTION,ProducCodeN,2026-09-08 11:13:05.083000,2026-09-26 12:39:08.920000,229
SQL_SCALAR_FUNCTION,Ret_Sec,2026-09-08 11:13:04.477000,2026-09-26 12:39:08.920000,456
SQL_SCALAR_FUNCTION,RetDate_Str,2026-09-08 11:12:40.360000,2026-09-26 12:39:08.917000,147
SQL_SCALAR_FUNCTION,RetSanadCode,2026-09-08 11:13:04.730000,2026-09-26 12:39:08.930000,379
SQL_SCALAR_FUNCTION,RetSanadCode_Float,2026-09-08 11:13:05.017000,2026-09-26 12:39:08.917000,508
SQL_SCALAR_FUNCTION,RetTime_Str,2026-09-08 11:12:40.350000,2026-09-26 12:39:08.917000,144
SQL_SCALAR_FUNCTION,RetTypeSarFasl,2026-09-08 11:13:04.167000,2026-09-26 12:39:08.930000,310
SQL_SCALAR_FUNCTION,ReturnFewForFacture,2026-09-08 11:13:04.937000,2026-09-26 12:39:08.913000,778
SQL_SCALAR_FUNCTION,ReturnStrType,2026-09-08 11:13:04.930000,2026-09-26 12:39:08.913000,2623
SQL_SCALAR_FUNCTION,ReturnTypeForKardex,2026-09-10 18:32:14.260000,2026-09-26 12:39:08.923000,2426
SQL_SCALAR_FUNCTION,RetVazeatCheck,2026-09-08 11:13:04.810000,2026-09-26 12:39:08.930000,1121
SQL_SCALAR_FUNCTION,RetVazVosool,2026-09-08 11:13:04.770000,2026-09-26 12:39:08.930000,1523
SQL_SCALAR_FUNCTION,SetIndexInArtClass,2026-09-08 11:13:04.467000,2026-09-26 12:39:08.920000,513
SQL_SCALAR_FUNCTION,ShamsiToMiladi,2026-09-10 18:32:14.270000,2026-09-26 12:39:08.923000,1659
SQL_SCALAR_FUNCTION,SpdSelKardex1,2026-09-08 11:12:40.390000,2026-09-26 12:39:08.917000,215
SQL_STORED_PROCEDURE,CallerId_Append_Log,2026-09-08 11:13:04.547000,2026-09-08 11:13:04.547000,257
SQL_STORED_PROCEDURE,CheckGeymatMiangin,2026-09-10 18:32:13.550000,2026-09-10 18:32:13.550000,11094
SQL_STORED_PROCEDURE,CheckGeymatTamamShodeh2,2026-09-10 18:32:14.677000,2026-09-10 18:32:14.677000,8507
SQL_STORED_PROCEDURE,Convert_SARFASL_SND_LIST,2026-09-10 18:32:14.393000,2026-09-10 18:32:14.393000,2015
SQL_STORED_PROCEDURE,ConvertDataForFreeSarfasl,2026-09-08 11:13:04.950000,2026-09-08 11:13:04.950000,2606
SQL_STORED_PROCEDURE,CreateTempAccessReport,2026-09-10 18:32:13.643000,2026-09-10 18:32:13.643000,3517
SQL_STORED_PROCEDURE,CreateTempArticleForAmalkardSanati,2026-09-08 11:13:04.997000,2026-09-08 11:13:04.997000,6544
SQL_STORED_PROCEDURE,CreateTempArticleKardex,2026-09-10 18:32:14.413000,2026-09-10 18:32:14.413000,8528
SQL_STORED_PROCEDURE,CreateTempBild,2026-09-10 18:32:13.897000,2026-09-10 18:32:13.897000,1026
SQL_STORED_PROCEDURE,CreateTempNegArtKardex,2026-09-08 11:13:04.990000,2026-09-08 11:13:04.990000,1502
SQL_STORED_PROCEDURE,CreateTempSelChkTable,2026-09-10 18:32:14.017000,2026-09-10 18:32:14.017000,2518
SQL_STORED_PROCEDURE,CreateTempVosoolTable,2026-09-10 18:32:14.090000,2026-09-10 18:32:14.090000,5841
SQL_STORED_PROCEDURE,CreateUpdateAvgPrice,2026-09-08 11:13:04.550000,2026-09-08 11:13:04.550000,2520
SQL_STORED_PROCEDURE,CurrentDate,2026-09-08 11:12:40.337000,2026-09-08 11:12:40.337000,74
SQL_STORED_PROCEDURE,DeleteCustomer,2026-09-10 18:32:14.523000,2026-09-10 18:32:14.523000,4034
SQL_STORED_PROCEDURE,DeleteTempRecordInTolid,2026-09-08 11:13:04.480000,2026-09-08 11:13:04.480000,151
SQL_STORED_PROCEDURE,FillParentInSarfasl,2026-09-10 18:32:13.417000,2026-09-10 18:32:13.417000,830
SQL_STORED_PROCEDURE,InsertInFactSpd,2026-09-08 11:12:40.500000,2026-09-08 11:12:40.500000,574
SQL_STORED_PROCEDURE,InsertInFacture,2026-09-10 18:32:13.667000,2026-09-10 18:32:13.667000,2720
SQL_STORED_PROCEDURE,InsertInFactureCode,2026-09-10 18:32:13.687000,2026-09-10 18:32:13.687000,2789
SQL_STORED_PROCEDURE,InsertTempRecordInTolid,2026-09-08 11:13:04.607000,2026-09-08 11:13:04.607000,529
SQL_STORED_PROCEDURE,InsertVasetTolidFactor,2026-09-10 18:32:13.787000,2026-09-10 18:32:13.787000,467
SQL_STORED_PROCEDURE,MakeTarazTajmieeTbl,2026-09-08 11:13:04.600000,2026-09-08 11:13:04.600000,365
SQL_STORED_PROCEDURE,MoveFactureCustomerExist,2026-09-08 11:13:04.493000,2026-09-08 11:13:04.493000,438
SQL_STORED_PROCEDURE,ReseedIdentity,2026-09-10 18:32:13.773000,2026-09-10 18:32:13.773000,410
SQL_STORED_PROCEDURE,RetMax,2026-09-08 11:12:40.357000,2026-09-08 11:12:40.357000,547
SQL_STORED_PROCEDURE,Return_FewOfSath,2026-09-10 18:32:13.393000,2026-09-10 18:32:13.393000,11976
SQL_STORED_PROCEDURE,Return_Index,2026-09-08 11:13:04.723000,2026-09-08 11:13:04.723000,734
SQL_STORED_PROCEDURE,RETURN_MAX_MGROUP,2026-09-08 11:13:05.100000,2026-09-08 11:13:05.100000,1523
SQL_STORED_PROCEDURE,RETURN_MAX_SGROUP,2026-09-08 11:13:05.093000,2026-09-08 11:13:05.093000,1617
SQL_STORED_PROCEDURE,Return_TempFileName,2026-09-08 11:12:40.387000,2026-09-08 11:12:40.387000,524
SQL_STORED_PROCEDURE,Return_TempFileNamemyholoo,2026-09-08 11:13:04.877000,2026-09-08 11:13:04.877000,554
SQL_STORED_PROCEDURE,ReturnFactCodeFromSefaresh,2026-09-08 11:13:04.560000,2026-09-08 11:13:04.560000,212
SQL_STORED_PROCEDURE,ReturnLastIdentity,2026-09-08 11:12:40.380000,2026-09-08 11:12:40.380000,215
SQL_STORED_PROCEDURE,rkitDeleteContract,2026-09-08 11:13:04.390000,2026-09-08 11:13:04.390000,123
SQL_STORED_PROCEDURE,rKitDeleteContractCheques,2026-09-08 11:13:04.390000,2026-09-08 11:13:04.390000,128
SQL_STORED_PROCEDURE,rkitDeleteContractForRent,2026-09-08 11:13:04.393000,2026-09-08 11:13:04.393000,183
SQL_STORED_PROCEDURE,rkitEditContract,2026-09-08 11:13:04.400000,2026-09-08 11:13:04.400000,2159
SQL_STORED_PROCEDURE,rkitEditContractForRent,2026-09-08 11:13:04.403000,2026-09-08 11:13:04.403000,3103
SQL_STORED_PROCEDURE,rkitGetAllSellContract,2026-09-08 11:13:04.407000,2026-09-08 11:13:04.407000,378
SQL_STORED_PROCEDURE,rKitGetContractChequesForRent,2026-09-08 11:13:04.410000,2026-09-08 11:13:04.410000,144
SQL_STORED_PROCEDURE,rkitGetContractInformation,2026-09-08 11:13:04.413000,2026-09-08 11:13:04.413000,132
SQL_STORED_PROCEDURE,rkitGetContractInformationForRent,2026-09-08 11:13:04.420000,2026-09-08 11:13:04.420000,132
SQL_STORED_PROCEDURE,rkitGetLatestContractId,2026-09-08 11:13:04.420000,2026-09-08 11:13:04.420000,144
SQL_STORED_PROCEDURE,rkitGetLatestContractIdForRent,2026-09-08 11:13:04.423000,2026-09-08 11:13:04.423000,150
SQL_STORED_PROCEDURE,rkitGetPriorContractId,2026-09-08 11:13:04.523000,2026-09-08 11:13:04.523000,247
SQL_STORED_PROCEDURE,rkitInsertContractChequesForRent,2026-09-08 11:13:04.427000,2026-09-08 11:13:04.427000,262
SQL_STORED_PROCEDURE,rkitInsertNewContract,2026-09-08 11:13:04.430000,2026-09-08 11:13:04.430000,2200
SQL_STORED_PROCEDURE,rkitInsertNewContractForRent,2026-09-08 11:13:04.437000,2026-09-08 11:13:04.437000,3073
SQL_STORED_PROCEDURE,rkitValidateInsert,2026-09-08 11:13:04.447000,2026-09-08 11:13:04.447000,194
SQL_STORED_PROCEDURE,rkitValidateInsertForRent,2026-09-08 11:13:04.440000,2026-09-08 11:13:04.440000,196
SQL_STORED_PROCEDURE,SarfaslInsert,2026-09-10 18:32:14.383000,2026-09-10 18:32:14.383000,6487
SQL_STORED_PROCEDURE,ShowSanads,2026-09-08 11:13:05.050000,2026-09-08 11:13:05.050000,6631
SQL_STORED_PROCEDURE,sp_AnbaGardAndArticle,2026-09-08 11:13:05.047000,2026-09-08 11:13:05.047000,494
SQL_STORED_PROCEDURE,sp_AnbarGard_TempTable,2026-09-10 18:32:13.880000,2026-09-10 18:32:13.880000,809
SQL_STORED_PROCEDURE,Sp_AppendNewSanad,2026-09-08 11:13:04.330000,2026-09-08 11:13:04.330000,993
SQL_STORED_PROCEDURE,Sp_ArtClassDiffrence,2026-09-08 11:13:04.520000,2026-09-08 11:13:04.520000,1068
SQL_STORED_PROCEDURE,Sp_ArticleAndGroups,2026-09-10 18:32:13.870000,2026-09-10 18:32:13.870000,883
SQL_STORED_PROCEDURE,Sp_ArticleAndGroupsAndANBAGARD,2026-09-10 18:32:14.367000,2026-09-10 18:32:14.367000,31635
SQL_STORED_PROCEDURE,sp_Asnad_ShowTazmin_Customer_NewBank,2026-09-10 18:32:13.370000,2026-09-10 18:32:13.370000,1745
SQL_STORED_PROCEDURE,sp_Asnad_TazminAppend,2026-09-10 18:32:13.423000,2026-09-10 18:32:13.423000,1089
SQL_STORED_PROCEDURE,sp_Asnad_TazminDelete,2026-09-08 11:13:04.180000,2026-09-08 11:13:04.180000,122
SQL_STORED_PROCEDURE,sp_Asnad_TazminUpdate,2026-09-10 18:32:13.433000,2026-09-10 18:32:13.433000,1272
SQL_STORED_PROCEDURE,sp_Barname,2026-09-08 11:13:04.767000,2026-09-08 11:13:04.767000,734
SQL_STORED_PROCEDURE,sp_Barname_detail,2026-09-08 11:13:04.720000,2026-09-08 11:13:04.720000,628
SQL_STORED_PROCEDURE,Sp_Calc_bedbes_MandehCust,2026-09-10 18:32:13.480000,2026-09-10 18:32:13.480000,1360
SQL_STORED_PROCEDURE,Sp_Createpropera_code,2026-09-08 11:13:05.090000,2026-09-08 11:13:05.090000,3918
SQL_STORED_PROCEDURE,SP_CreateRepCustomer1,2026-09-08 11:13:04.553000,2026-09-08 11:13:04.553000,1227
SQL_STORED_PROCEDURE,sp_CreateTempArtExst2,2026-09-08 11:13:04.587000,2026-09-08 11:13:04.587000,634
SQL_STORED_PROCEDURE,Sp_CreateTempArtPrice,2026-09-10 18:32:13.890000,2026-09-10 18:32:13.890000,1815
SQL_STORED_PROCEDURE,sp_CreateTempFacture_FactArt,2026-09-10 18:32:14.650000,2026-09-10 18:32:14.650000,8508
SQL_STORED_PROCEDURE,sp_DependDateSanad,2026-09-08 11:13:04.503000,2026-09-08 11:13:04.503000,352
SQL_STORED_PROCEDURE,sp_GarantyCard_MaxG_Code_C,2026-09-08 11:13:04.277000,2026-09-08 11:13:04.277000,115
SQL_STORED_PROCEDURE,sp_GarantyCardAppend,2026-09-08 11:13:04.273000,2026-09-08 11:13:04.273000,587
SQL_STORED_PROCEDURE,sp_GarantyCardDelete,2026-09-08 11:13:04.273000,2026-09-08 11:13:04.273000,115
SQL_STORED_PROCEDURE,sp_GarantyCardUpdate,2026-09-08 11:13:04.277000,2026-09-08 11:13:04.277000,647
SQL_STORED_PROCEDURE,sp_GetSumResSanadLine,2026-09-08 11:13:04.543000,2026-09-08 11:13:04.543000,888
SQL_STORED_PROCEDURE,sp_HavFactureAppend,2026-09-10 18:32:14.150000,2026-09-10 18:32:14.150000,2334
SQL_STORED_PROCEDURE,sp_Hrd_Fac_ArtAppend,2026-09-08 11:13:04.560000,2026-09-08 11:13:04.560000,531
SQL_STORED_PROCEDURE,sp_Hrd_Fac_ArtDelete,2026-09-08 11:13:04.307000,2026-09-08 11:13:04.307000,129
SQL_STORED_PROCEDURE,sp_Hrd_Fac_ComAppend,2026-09-08 11:13:04.307000,2026-09-08 11:13:04.307000,578
SQL_STORED_PROCEDURE,sp_Hrd_Fac_ComDelete,2026-09-08 11:13:04.310000,2026-09-08 11:13:04.310000,131
SQL_STORED_PROCEDURE,sp_Hrd_FactureAppend,2026-09-08 11:13:04.763000,2026-09-08 11:13:04.763000,1788
SQL_STORED_PROCEDURE,sp_Hrd_FactureDelete,2026-09-08 11:13:04.250000,2026-09-08 11:13:04.250000,118
SQL_STORED_PROCEDURE,sp_Hrd_FactureMaxF_Code_C,2026-09-08 11:13:04.310000,2026-09-08 11:13:04.310000,234
SQL_STORED_PROCEDURE,sp_Hrd_FactureUpdate,2026-09-08 11:13:04.943000,2026-09-08 11:13:04.943000,2177
SQL_STORED_PROCEDURE,sp_Hrd_FCOUNECTAppend,2026-09-08 11:13:04.333000,2026-09-08 11:13:04.333000,492
SQL_STORED_PROCEDURE,sp_Hrd_FCounectDelete,2026-09-08 11:13:04.700000,2026-09-08 11:13:04.700000,137
SQL_STORED_PROCEDURE,sp_Hrd_Formul_ArtAppend,2026-09-08 11:13:04.310000,2026-09-08 11:13:04.310000,385
SQL_STORED_PROCEDURE,sp_Hrd_Formul_ComAppend,2026-09-08 11:13:04.313000,2026-09-08 11:13:04.313000,551
SQL_STORED_PROCEDURE,sp_Hrd_FormulCom_FormulArtDelete,2026-09-08 11:13:04.310000,2026-09-08 11:13:04.310000,253
SQL_STORED_PROCEDURE,sp_Hrd_ShowFacArt_FacCom_Article,2026-09-08 11:13:04.313000,2026-09-08 11:13:04.313000,303
SQL_STORED_PROCEDURE,sp_Hrd_ShowFacture_FacCom,2026-09-08 11:13:04.317000,2026-09-08 11:13:04.317000,244
SQL_STORED_PROCEDURE,sp_Hrd_ShowFormulArt_Article_Unit,2026-09-08 11:13:04.250000,2026-09-08 11:13:04.250000,505
SQL_STORED_PROCEDURE,sp_Hrd_ShowFormulCom,2026-09-08 11:13:04.320000,2026-09-08 11:13:04.320000,150
SQL_STORED_PROCEDURE,sp_Hrd_ShowSelPrices,2026-09-08 11:13:04.340000,2026-09-08 11:13:04.340000,1035
SQL_STORED_PROCEDURE,SP_InsertArt,2026-09-10 18:32:14.567000,2026-09-10 18:32:14.567000,5583
SQL_STORED_PROCEDURE,sp_IsDiskOverLap,2026-09-08 11:13:04.503000,2026-09-08 11:13:04.503000,444
SQL_STORED_PROCEDURE,sp_IsDocOverLap,2026-09-08 11:13:04.503000,2026-09-08 11:13:04.503000,260
SQL_STORED_PROCEDURE,sp_Kh_CheckAppend,2026-09-08 11:13:04.957000,2026-09-08 11:13:04.957000,1092
SQL_STORED_PROCEDURE,sp_Kh_CheckDelete,2026-09-08 11:13:04.230000,2026-09-08 11:13:04.230000,233
SQL_STORED_PROCEDURE,sp_Kh_CheckMaxBack_Number,2026-09-08 11:13:04.230000,2026-09-08 11:13:04.230000,120
SQL_STORED_PROCEDURE,sp_Kh_DastgahDelete,2026-09-08 11:13:04.867000,2026-09-08 11:13:04.867000,427
SQL_STORED_PROCEDURE,sp_Kh_DastgahInsert,2026-09-08 11:13:04.747000,2026-09-08 11:13:04.747000,425
SQL_STORED_PROCEDURE,sp_Kh_DastgahMaxCodeC,2026-09-08 11:13:04.233000,2026-09-08 11:13:04.233000,133
SQL_STORED_PROCEDURE,sp_Kh_DastgahTbl,2026-09-08 11:13:04.233000,2026-09-08 11:13:04.233000,144
SQL_STORED_PROCEDURE,sp_Kh_DastgahUpdate,2026-09-08 11:13:04.750000,2026-09-08 11:13:04.750000,448
SQL_STORED_PROCEDURE,sp_Kh_Fac_ListDelete,2026-09-08 11:13:04.233000,2026-09-08 11:13:04.233000,122
SQL_STORED_PROCEDURE,sp_Kh_Fac_ListInsert,2026-09-10 18:32:13.333000,2026-09-10 18:32:13.333000,570
SQL_STORED_PROCEDURE,sp_Kh_Facture_HazDelete,2026-09-08 11:13:04.237000,2026-09-08 11:13:04.237000,129
SQL_STORED_PROCEDURE,sp_Kh_Facture_HazInsert,2026-09-08 11:13:04.787000,2026-09-08 11:13:04.787000,1756
SQL_STORED_PROCEDURE,sp_Kh_Facture_HazUpdate,2026-09-08 11:13:04.793000,2026-09-08 11:13:04.793000,2085
SQL_STORED_PROCEDURE,sp_Kh_Facture_UpdateF_Status2,2026-09-08 11:13:04.580000,2026-09-08 11:13:04.580000,328
SQL_STORED_PROCEDURE,sp_Kh_FactureAppend,2026-09-08 11:13:04.857000,2026-09-08 11:13:04.857000,1155
SQL_STORED_PROCEDURE,sp_Kh_FactureDelete,2026-09-08 11:13:04.870000,2026-09-08 11:13:04.870000,350
SQL_STORED_PROCEDURE,sp_Kh_FactureMaxF_Code_C,2026-09-08 11:13:04.237000,2026-09-08 11:13:04.237000,126
SQL_STORED_PROCEDURE,sp_Kh_FactureMaxF_Code_C2,2026-09-08 11:13:04.377000,2026-09-08 11:13:04.377000,187
SQL_STORED_PROCEDURE,sp_Kh_FactureUpdate,2026-09-08 11:13:04.860000,2026-09-08 11:13:04.860000,1232
SQL_STORED_PROCEDURE,sp_Kh_FactureUpdateF_Status,2026-09-08 11:13:04.383000,2026-09-08 11:13:04.383000,424
SQL_STORED_PROCEDURE,sp_Kh_FactureUpdateF_Statuse,2026-09-08 11:12:40.437000,2026-09-08 11:12:40.437000,370
SQL_STORED_PROCEDURE,sp_Kh_Gar_ListAppend,2026-09-08 11:13:04.733000,2026-09-08 11:13:04.733000,318
SQL_STORED_PROCEDURE,sp_Kh_Gar_ListDelete,2026-09-08 11:13:04.237000,2026-09-08 11:13:04.237000,126
SQL_STORED_PROCEDURE,sp_Kh_GarantyAndGarListDelete,2026-09-08 11:13:04.237000,2026-09-08 11:13:04.237000,210
SQL_STORED_PROCEDURE,sp_Kh_GarantyAppend,2026-09-08 11:13:05.060000,2026-09-08 11:13:05.060000,570
SQL_STORED_PROCEDURE,sp_Kh_GarantyMaxG_Code_C,2026-09-08 11:13:05.070000,2026-09-08 11:13:05.070000,176
SQL_STORED_PROCEDURE,sp_Kh_GarantyUpdate,2026-09-08 11:13:05.067000,2026-09-08 11:13:05.067000,426
SQL_STORED_PROCEDURE,sp_Kh_ShowAllTables,2026-09-10 18:32:13.460000,2026-09-10 18:32:13.460000,3891
SQL_STORED_PROCEDURE,sp_Kh_ShowCheckAndSND_INDX,2026-09-08 11:13:04.240000,2026-09-08 11:13:04.240000,225
SQL_STORED_PROCEDURE,sp_Kh_ShowDastgahAndGarList,2026-09-08 11:13:04.240000,2026-09-08 11:13:04.240000,186
SQL_STORED_PROCEDURE,sp_Kh_ShowFactureGarantyCustomerDastgah,2026-09-10 18:32:13.467000,2026-09-10 18:32:13.467000,1212
SQL_STORED_PROCEDURE,sp_Kh_ShowGar_List,2026-09-08 11:13:04.240000,2026-09-08 11:13:04.240000,163
SQL_STORED_PROCEDURE,sp_Kh_ShowGaranty,2026-09-08 11:13:04.240000,2026-09-08 11:13:04.240000,137
SQL_STORED_PROCEDURE,SP_KH_update_Facture,2026-09-08 11:13:04.387000,2026-09-08 11:13:04.387000,313
SQL_STORED_PROCEDURE,SP_MinFewArticleMandeh,2026-09-10 18:32:14.537000,2026-09-10 18:32:14.537000,3532
SQL_STORED_PROCEDURE,sp_MoienAshkhas,2026-09-10 18:32:14.207000,2026-09-10 18:32:14.207000,51891
SQL_STORED_PROCEDURE,sp_MoienAshkhasMyHoloo,2026-09-10 18:32:14.247000,2026-09-10 18:32:14.247000,37555
SQL_STORED_PROCEDURE,sp_refresh_All_view,2026-09-08 11:13:04.613000,2026-09-08 11:13:04.613000,486
SQL_STORED_PROCEDURE,sp_Res_DeleteMenuCategory,2026-09-08 11:13:04.363000,2026-09-08 11:13:04.363000,129
SQL_STORED_PROCEDURE,sp_Res_Fac_List_Delete,2026-09-08 11:13:04.363000,2026-09-08 11:13:04.363000,124
SQL_STORED_PROCEDURE,sp_Res_Fac_List_OldTempTable,2026-09-08 11:13:04.800000,2026-09-08 11:13:04.800000,1281
SQL_STORED_PROCEDURE,sp_Res_Fac_ListAppend,2026-09-10 18:32:13.630000,2026-09-10 18:32:13.630000,1563
SQL_STORED_PROCEDURE,sp_Res_FactureAppend,2026-09-10 18:32:14.583000,2026-09-10 18:32:14.583000,3862
SQL_STORED_PROCEDURE,sp_Res_FactureMaxF_Code_C,2026-09-08 11:13:04.820000,2026-09-08 11:13:04.820000,257
SQL_STORED_PROCEDURE,sp_Res_FactureUpdate,2026-09-10 18:32:14.603000,2026-09-10 18:32:14.603000,5520
SQL_STORED_PROCEDURE,sp_Res_MenuArtAppend,2026-09-08 11:13:04.963000,2026-09-08 11:13:04.963000,609
SQL_STORED_PROCEDURE,sp_Res_MenuArtDelete,2026-09-08 11:13:04.363000,2026-09-08 11:13:04.363000,194
SQL_STORED_PROCEDURE,sp_Res_PeikAppend,2026-09-08 11:13:04.710000,2026-09-08 11:13:04.710000,318
SQL_STORED_PROCEDURE,sp_Res_ShowFacListAndOldTempTable_Temp,2026-09-10 18:32:13.937000,2026-09-10 18:32:13.937000,23772
SQL_STORED_PROCEDURE,sp_Res_ShowFacture_Fac_List,2026-09-10 18:32:13.597000,2026-09-10 18:32:13.597000,436
SQL_STORED_PROCEDURE,sp_Res_ShowMenuArt_Article_MenuCategory,2026-09-10 18:32:13.607000,2026-09-10 18:32:13.607000,1665
SQL_STORED_PROCEDURE,sp_ReSaveSanad,2026-09-10 18:32:14.327000,2026-09-10 18:32:14.327000,450
SQL_STORED_PROCEDURE,sp_ReturnArtExistWithKardex,2026-09-10 18:32:13.960000,2026-09-10 18:32:13.960000,6452
SQL_STORED_PROCEDURE,sp_ReturnArtExistWithKardex1,2026-09-08 11:13:04.923000,2026-09-08 11:13:04.923000,6816
SQL_STORED_PROCEDURE,sp_SanadLinked,2026-09-08 11:13:04.507000,2026-09-08 11:13:04.507000,199
SQL_STORED_PROCEDURE,sp_SaveProcess,2026-09-08 11:13:04.337000,2026-09-08 11:13:04.337000,500
SQL_STORED_PROCEDURE,sp_Set_SarfaslApppend,2026-09-08 11:13:04.243000,2026-09-08 11:13:04.243000,671
SQL_STORED_PROCEDURE,sp_ShowFacDetail,2026-09-10 18:32:14.047000,2026-09-10 18:32:14.047000,8081
SQL_STORED_PROCEDURE,sp_ShowFacDetailAndKhadamat,2026-09-10 18:32:13.973000,2026-09-10 18:32:13.973000,2523
SQL_STORED_PROCEDURE,sp_ShowFacDetailHaval,2026-09-08 11:13:04.873000,2026-09-08 11:13:04.873000,2214
SQL_STORED_PROCEDURE,sp_ShowFacTitr,2026-09-10 18:32:14.623000,2026-09-10 18:32:14.623000,12288
SQL_STORED_PROCEDURE,sp_ShowFacTitrHaval,2026-09-10 18:32:14.633000,2026-09-10 18:32:14.633000,4881
SQL_STORED_PROCEDURE,sp_ShowFCounectCustomer,2026-09-08 11:13:04.880000,2026-09-08 11:13:04.880000,3184
SQL_STORED_PROCEDURE,sp_ShowVasetF,2026-09-08 11:13:04.153000,2026-09-08 11:13:04.153000,208
SQL_STORED_PROCEDURE,sp_StockReport,2026-09-08 11:12:40.393000,2026-09-08 11:12:40.393000,1138
SQL_STORED_PROCEDURE,Sp_SumFactureForCustomers,2026-09-08 11:13:04.260000,2026-09-08 11:13:04.260000,625
SQL_STORED_PROCEDURE,Sp_UpdateCode_Class_Exist,2026-09-08 11:13:04.463000,2026-09-08 11:13:04.463000,1304
SQL_STORED_PROCEDURE,Sp_UpdateSindexInFactArt,2026-09-08 11:13:04.470000,2026-09-08 11:13:04.470000,1155
SQL_STORED_PROCEDURE,spMoienAshkhas,2026-09-08 11:13:05.100000,2026-09-08 11:13:05.100000,3335
SQL_STORED_PROCEDURE,stMandehOfSarfasl,2026-09-08 11:13:04.170000,2026-09-08 11:13:04.170000,991
SQL_STORED_PROCEDURE,Stp_Sell_User,2026-09-08 11:13:04.473000,2026-09-08 11:13:04.473000,1641
SQL_STORED_PROCEDURE,stp_SetArticleExist2Valuet,2026-09-08 11:13:04.450000,2026-09-08 11:13:04.450000,64
SQL_STORED_PROCEDURE,UpdateGeymatTamamShodeh,2026-09-08 11:13:05.027000,2026-09-08 11:13:05.027000,1554
SQL_STORED_PROCEDURE,UpdateGeymatTamamShodehAmaniDaryafti,2026-09-08 11:13:05.033000,2026-09-08 11:13:05.033000,1567
SQL_STORED_PROCEDURE,UpdateGeymatTamamShodehAmaniPardakhti,2026-09-08 11:13:05.030000,2026-09-08 11:13:05.030000,2017
SQL_STORED_PROCEDURE,UpdateGeymatTamamShodehInHavaleh,2026-09-08 11:13:05.080000,2026-09-08 11:13:05.080000,8730
SQL_STORED_PROCEDURE,UpdateGeymatTamamShodehTolid,2026-09-08 11:13:05.040000,2026-09-08 11:13:05.040000,3220
SQL_STORED_PROCEDURE,UpdateSndLineForBargashteAmani,2026-09-10 18:32:13.307000,2026-09-10 18:32:13.307000,5134
SQL_STORED_PROCEDURE,UpdateSndLineForBargashteAmanidaryafti,2026-09-08 11:13:05.043000,2026-09-08 11:13:05.043000,3763
SQL_STORED_PROCEDURE,VC_FactoreInsert,2026-09-10 18:32:13.570000,2026-09-10 18:32:13.570000,1821
SQL_STORED_PROCEDURE,VC_FactoreUpdate,2026-09-10 18:32:13.583000,2026-09-10 18:32:13.583000,1924
SQL_STORED_PROCEDURE,VC_FactureCloseReject,2026-09-08 11:13:04.900000,2026-09-08 11:13:04.900000,389
SQL_STORED_PROCEDURE,VC_FactureReject,2026-09-10 18:32:13.283000,2026-09-10 18:32:13.283000,5039
SQL_TABLE_VALUED_FUNCTION,F_Calc_BedBes_UseInView,2026-09-10 18:32:14.300000,2026-09-10 18:32:14.300000,736
SQL_TABLE_VALUED_FUNCTION,F_SumFewArticle,2026-09-10 18:32:14.460000,2026-09-10 18:32:14.460000,1906
SQL_TABLE_VALUED_FUNCTION,F_Union_BedBesCustomer,2026-09-10 18:32:14.293000,2026-09-10 18:32:14.293000,710
SQL_TABLE_VALUED_FUNCTION,F_UsingCustomers,2026-09-10 18:32:14.510000,2026-09-10 18:32:14.510000,6611
SQL_TABLE_VALUED_FUNCTION,GetTreeLevelId,2026-09-08 11:13:04.780000,2026-09-08 11:13:04.780000,294
SQL_TABLE_VALUED_FUNCTION,StringSplit,2026-09-10 18:32:13.447000,2026-09-10 18:32:13.447000,526
SQL_TRIGGER,TRIGGER_LIMIT_TABLE_SIZE,2026-09-10 18:32:14.030000,2026-09-10 18:32:14.030000,381
SQL_TRIGGER,trUpdatePerent,2026-09-08 12:52:15.050000,2026-09-08 12:52:15.050000,1301
VIEW,ArticlesExistInResturant,2026-09-10 18:32:13.407000,2026-09-26 10:37:29.900000,454
VIEW,FactureU,2026-09-08 11:12:40.303000,2026-09-26 10:37:29.850000,191
VIEW,MandehOfSarfasl,2026-09-08 11:13:04.173000,2026-09-26 10:37:29.823000,933
VIEW,ProcessU,2026-09-08 11:12:40.300000,2026-09-26 10:37:29.837000,191
VIEW,SanadU,2026-09-08 11:12:40.307000,2026-09-26 10:37:29.877000,187
VIEW,V_VcFacture,2026-09-08 11:13:04.370000,2026-09-26 10:37:29.927000,1061
VIEW,VIEW_Tahvildar,2026-09-08 11:13:04.817000,2026-09-26 10:37:30.090000,5020
VIEW,ViewProductScale,2026-09-08 11:13:04.773000,2026-09-26 10:37:30.070000,142
VIEW,VWSMGroupName,2026-09-08 11:13:04.450000,2026-09-26 10:37:29.993000,377
VIEW,W_ArtKardexForCalcPrice,2026-09-10 18:32:13.833000,2026-09-26 10:37:29.960000,10432
VIEW,W_ArtKardexSerial,2026-09-08 11:13:04.803000,2026-09-26 10:37:30.077000,3935
VIEW,W_ArtKardexWithAmani,2026-09-10 18:32:13.860000,2026-09-26 10:37:29.973000,12968
VIEW,W_ArtKardexWithoutAmani,2026-09-10 18:32:13.817000,2026-09-26 10:37:29.947000,11174
VIEW,W_Calc_Mandeh_CustGold750_1000,2026-09-10 18:32:14.063000,2026-09-26 10:37:30,7419
VIEW,W_Calc_Mandeh_Customer,2026-09-10 18:32:14.313000,2026-09-26 10:37:30.013000,520
VIEW,W_EditFacTime,2026-09-08 11:13:05.057000,2026-09-26 10:37:29.913000,1390
VIEW,W_SarfaslMandeh,2026-09-08 11:13:04.187000,2026-09-26 10:37:29.843000,1023
VIEW,W_ShowArticleForSearch_Big,2026-09-10 18:32:14.467000,2026-09-26 10:37:30.037000,3343
VIEW,W_ShowArticleForSearchCodes,2026-09-10 18:32:14.477000,2026-09-26 10:37:30.057000,2165
VIEW,W_ShowCustomer,2026-09-08 11:12:40.320000,2026-09-26 10:37:29.883000,151
VIEW,W_ShowFConnect,2026-09-10 18:32:13.947000,2026-09-26 10:37:29.987000,290
VIEW,W_ShowRequestConnect,2026-09-08 11:13:04.573000,2026-09-26 10:37:30.030000,290
VIEW,W_ShowSarfasl,2026-09-08 11:13:04.190000,2026-09-26 10:37:29.867000,739
VIEW,W_Vaseteh,2026-09-08 11:13:04.367000,2026-09-26 10:37:29.920000,1101
VIEW,W0_Calc_BedBes_UseInView,2026-09-10 18:32:14.300000,2026-09-26 10:37:30.007000,438
