tbl,idx,type_desc,is_primary_key,is_unique,is_unique_constraint,keys,filter_definition
AB_CATCH,PK_AB_CATCH,CLUSTERED,True,True,False,Index,
ABAILPRE,PK_ABAILPRE,CLUSTERED,True,True,False,"Fac_Code,Fac_Type,A_Code,A_Index",
ACOUND_C,Bank_Attrib,NONCLUSTERED,False,False,False,Bank_Attribute,
ACOUND_C,PK_ACOUND_C,CLUSTERED,True,True,False,"C_Code,Ac_Index",
ACOUND_N,PK_ACOUND_N,CLUSTERED,True,True,False,"C_Code,Bank_Code,Account_N",
ACOUND_N_Pos,PK__ACOUND_N__3214EC276FE1F8AB,CLUSTERED,True,True,False,ID,
Address,PK_Address,CLUSTERED,True,True,False,Code,
Amozshgh,PK_Amozshgh,CLUSTERED,True,True,False,CodeInc,
ANB_SER,PK_ANB_SER,CLUSTERED,True,True,False,"A_Code,A_Serial",
ANBAGARD,PK_ANBAGARD,CLUSTERED,True,True,False,Id,
ArayeshgahPackage_Detail,PK_ArayeshgahPackage_Detail,CLUSTERED,True,True,False,ID,
ArayeshgahPackage_Title,PK_ArayeshgahPackage_Title,CLUSTERED,True,True,False,ID,
ArayeshShift_Work,PK_Shift_Work,CLUSTERED,True,True,False,Id,
ART_BAIL,AIndex,NONCLUSTERED,False,False,False,"A_Index,Ab_Date",
ART_BAIL,FCodeType,NONCLUSTERED,False,False,False,"Fac_Code,A_Code,A_Index,Ab_Date",
ART_BAIL,PK_ART_BAIL,CLUSTERED,True,True,False,"Fac_Code,A_Code,A_Index,Index",
Art_Sel_Comment,PK__Art_Sel___38B41B6C4FF59F3E,CLUSTERED,True,True,False,A_Code,
Artclass,A_C_Class,NONCLUSTERED,False,False,False,"A_Code,SCode,SClass",
Artclass,PK_Artclass,CLUSTERED,True,True,False,"A_Code,SIndex",
Artexst2,A_C_Class,NONCLUSTERED,False,False,False,"A_Code,SCode",
Artexst2,PK_Artexst2,CLUSTERED,True,True,False,"A_Code,SIndex",
ARTICLE,A_N,NONCLUSTERED,False,False,False,A_Name,
ARTICLE,ArtCode_C,NONCLUSTERED,False,False,False,A_Code_C,
ARTICLE,Name_Model,NONCLUSTERED,False,False,False,"A_Name,Model",
ARTICLE,PK_ARTICLE,CLUSTERED,True,True,False,A_Code,
ArticleCodes,A_Code_INDEX,NONCLUSTERED,False,False,False,A_Code,
ArticlePrice,INDEX_ARTICLEPRICENEW,NONCLUSTERED,False,True,True,"A_Code,SelID,PoshakID,Buy_ID",
ArticlePrice,PK__ArticleP__3214EC275EEB57E3,CLUSTERED,True,True,False,ID,
ArticleSarfasl,PK_ArticleSarfasl,CLUSTERED,True,True,False,ArtID,
ArtInsurance,PK_ArtInsurance_ID,CLUSTERED,True,True,False,"A_Code,InsuranceId",
Artlabel,PK_Artlabel,CLUSTERED,True,True,False,Index,
ARZ_LIST,PK_ARZ_LIST,CLUSTERED,True,True,False,"C_Code,Index",
AutoCarModel,PK_AutoCarModel_Id,CLUSTERED,True,True,False,Id,
AutoCustomerCars,PK_AutoCustomerCars_ICPV,CLUSTERED,True,True,False,"Id,C_Code,PelakNo",
AutoFactInfo,PK_AutoFactInfo_Id,CLUSTERED,True,True,False,Id,
Bijak,PK_Bijak,CLUSTERED,True,True,False,B_CodeInc,
Bijak,Secondary,NONCLUSTERED,False,False,False,"Fac_Code,Fac_Type,A_Code",
BILD,PK_BILD,CLUSTERED,True,True,False,A_Code,
BILDAVAL,PK_BILDAVAL,CLUSTERED,True,True,False,"A_Code,FormulaID,Row_Index",
BILDEND,A_N,NONCLUSTERED,False,False,False,A_Name,
BILDEND,PK_BILDEND,CLUSTERED,True,True,False,"ID,A_Code",
CallerId,PK_CallerId,CLUSTERED,True,True,False,Id,
Cars,PK__Cars__3214EC0707B23EB7,CLUSTERED,True,True,False,Id,
Cash,PK__Cash__3214EC07871CC68A,CLUSTERED,True,True,False,Id,
Check,B_N,NONCLUSTERED,False,False,False,Back_Number,
Check,C_Num,NONCLUSTERED,False,False,False,Check_Number,
Check,PK_Check,CLUSTERED,True,True,False,Check_Code,
Check,Price,NONCLUSTERED,False,False,False,Cust,
Check,R_D,NONCLUSTERED,False,False,False,Receive_Date,
Check_Event,PK__Check_Ev__3214EC073F7CBE4E,CLUSTERED,True,True,False,Id,
CheckFact_Link,PK_ChFac_Code,CLUSTERED,True,True,False,"Check_Code,Fac_Code",
CHK_AVAL,PK_CHK_AVAL,CLUSTERED,True,True,False,"BackNumber,Check_Code",
CHK_TARH,PK_CHK_TARH,CLUSTERED,True,True,False,"ComponentName,Kind",
CITY,C_n,NONCLUSTERED,False,False,False,Name,
CITY,PK_CITY,CLUSTERED,True,True,False,City_Code,
ClientSetup,PK_ClientSetup,CLUSTERED,True,True,False,ID,
Colors,PK_Colors,CLUSTERED,True,True,False,Id,
COMMENT,PK_COMMENT,CLUSTERED,True,True,False,M_Code,
CompName,PK_CompName,CLUSTERED,True,True,False,CompCode,
ContractCheques,PK_ContractCheques,CLUSTERED,True,True,False,id,
ContractRent,PK_ContractRent,CLUSTERED,True,True,False,id,
ContractSell,PK_ContractSell,CLUSTERED,True,True,False,id,
cust_Bone,PK__cust_Bon__21BD66E1DEF3CA2C,CLUSTERED,True,True,False,BonehId,
Cust_Runner,PK__Cust_Run__3214EC0744022677,CLUSTERED,True,True,False,Id,
Cust_Tell,PK_Cust_Tell,CLUSTERED,True,True,False,CCode,
CUSTOMER,C_C,NONCLUSTERED,False,False,False,C_Code_C,
CUSTOMER,C_n,NONCLUSTERED,False,False,False,C_Name,
CUSTOMER,PK_CUSTOMER,CLUSTERED,True,True,False,C_Code,
CustomerDetail,PK_CtustomerDetail,CLUSTERED,True,True,False,C_Index,
CustomerSarfasl,PK_CustomerSarfasl,CLUSTERED,True,True,False,CustCode,
CustomerVaseteh,PK__Customer__3214EC273C00EE1B,CLUSTERED,True,True,False,ID,
CUSTOTH,C_N,NONCLUSTERED,False,False,False,C_Name,
CUSTOTH,FacCodeC,NONCLUSTERED,False,False,False,Fac_Code_C,
CUSTOTH,FacCodeType,NONCLUSTERED,False,False,False,"Fac_Code,Fac_Type",
CUSTOTH,PK_CUSTOTH,CLUSTERED,True,True,False,Index,
DAFTARCH,PK_DAFTARCH,CLUSTERED,True,True,False,MyIndex,
DastehCH,PK_DastehCH,CLUSTERED,True,True,False,"C_Code,Bank_Code,Account_n,Inc_Code",
DefrentPrice,PK__DefrentP__3214EC2757B4948C,CLUSTERED,True,True,False,ID,
DelFACTSPD,PK_DelFACTSPD,CLUSTERED,True,True,False,"Counter,ID",
DifferDData,PK_DifferDData,CLUSTERED,True,True,False,id,
DifferDiskette,PK_DifferDiskette,CLUSTERED,True,True,False,id,
DifferDisketteToAccount,IX_DifferDisketteToAccount,NONCLUSTERED,False,True,True,"Bank_Code,Account_N",
DifferDisketteToAccount,PK_DifferDisketteToAccount,CLUSTERED,True,True,False,id,
DifferEqualize,IX_Index,NONCLUSTERED,False,True,True,Index,
DifferEqualize,PK_DifferEqualize,CLUSTERED,True,True,False,id,
DifferFileDeclDBF,PK_DifferFileDeclDBF,CLUSTERED,True,True,False,id,
DifferFileDeclTxt,PK_DifferFileDeclTxt,CLUSTERED,True,True,False,id,
DifferHData,PK_DifferHData,CLUSTERED,True,True,False,id,
DifferTypes,PK_DifferTypes,CLUSTERED,True,True,False,id,
DifferTypeValue,PK_DifferTypeValue,CLUSTERED,True,True,False,id,
DressBuildFormol,PK_DressBuildFormol,CLUSTERED,True,True,False,"Formol_Id,A_Type,A_Code,Color",
DressToCutter,PK_DressToCutter,CLUSTERED,True,True,False,DC_Code,
DressToCutter_Detail,PK_DressToCutter_Detail,CLUSTERED,True,True,False,"Id,DC_Code,A_Index",
DrugList,PK_DrugList_ID,CLUSTERED,True,True,False,Id,
EntezarM,PK__EntezarM__449726214018D5D7,CLUSTERED,True,True,False,C_Code,
Estkhdam,PK_Estkhdam,CLUSTERED,True,True,False,CodeInc,
FAC_BILD,PK_FAC_BILD,CLUSTERED,True,True,False,"Fac_Code,A_Code,Bild_Or_Tajzieh,A_Index",
FAC_SER,PK_FAC_SER,CLUSTERED,True,True,False,"Fac_Code,Fac_Type,A_Code,A_Serial,A_Index",
FACTART,AIndexSort,NONCLUSTERED,False,False,False,"Fac_Code,Fac_Type,A_Index,A_Code",
FACTART,PK_FACTART,CLUSTERED,True,True,False,"Fac_Code,Fac_Type,A_Code,A_Index",
FactOther,PK_FactOther,CLUSTERED,True,True,False,"Fac_Code,Fac_Type",
FACTSPD,PK_FACTSPD,CLUSTERED,True,True,False,"Fac_Code,Index",
FACTTARH,PK_FACTTARH,CLUSTERED,True,True,False,ComponentName,
FACTURE,FacCodeC,NONCLUSTERED,False,False,False,Fac_Code_C,
FACTURE,PK_FACTURE,CLUSTERED,True,True,False,"Fac_Code,Fac_Type",
FBAILPRE,FacCodeC,NONCLUSTERED,False,False,False,Fac_Code_C,
FBAILPRE,PK_FBAILPRE,CLUSTERED,True,True,False,"Fac_Code,Fac_Type",
FCOUNECT,PK_FCOUNECT,CLUSTERED,True,True,False,"Fac_Code,Fac_Type,Counect_Code,Sanad_Code,Priority",
Formula,PK__Formula__3214EC27E960F1CE,CLUSTERED,True,True,False,ID,
G_Age,GName,NONCLUSTERED,False,False,False,G_Name,
G_Age,PK_G_Age,CLUSTERED,True,True,False,G_Code,
GarantyCard,PK_Garanty,CLUSTERED,True,True,False,G_Code,
GAtribut,PK_GAtribut,CLUSTERED,True,True,False,Inc_Code,
GHEST,DateKey,NONCLUSTERED,False,False,False,D_Par_Ghest,
GHEST,PK_GHEST,CLUSTERED,True,True,False,"C_Code,D_Par_Ghest,Index",
GhestGroup,PK__GhestGro__41E51166D67FF1D3,CLUSTERED,True,True,False,GH_GroupID,
Ghlprep,PK_Ghlprep_1,CLUSTERED,True,True,False,S_G_Code,
Glass_Detail,PK__Glass_De__3214EC27605596AC,CLUSTERED,True,True,False,ID,
Glass_Master,PK__Glass_Ma__3214EC27AE64DCD9,CLUSTERED,True,True,False,ID,
Gold_Vazn,PK_Gold_Vazn,CLUSTERED,True,True,False,Id,
GoldAcount,PK_GoldAcount,CLUSTERED,True,True,False,"Fac_Code,Fac_Type",
GoldAcountArt,PK_GoldAcountArt,CLUSTERED,True,True,False,"Fac_Code,Fac_Type,A_Code,A_Index",
GoldArts,PK_GoldArts_A_Code,CLUSTERED,True,True,False,A_Code,
GoldArtTypes,PK_GoldArtTypes_Id,CLUSTERED,True,True,False,Id,
GoldFactArt,PK_GoldFactArt,CLUSTERED,True,True,False,"Fac_Code,Fac_Type,A_Code,A_Index",
GoldPanel,PK_GoldPanel,CLUSTERED,True,True,False,Id,
GoldTaviehAcount,PK_GoldTaviehAcount,CLUSTERED,True,True,False,"Fac_Code,Fac_Type",
GROP_SAR,PK_GROP_SAR,CLUSTERED,True,True,False,Group_Code,
GROP_SOD,PK_GROP_SOD,CLUSTERED,True,True,False,Radif_SoodCode,
Groups,GName,NONCLUSTERED,False,False,False,G_Name,
Groups,PK_Groups,CLUSTERED,True,True,False,G_Code,
Groups,TopCodeName,NONCLUSTERED,False,False,False,"G_CodeTop,G_Name",
GroupSarfasl,PK_GroupSarfasl,CLUSTERED,True,True,False,GroupID,
Gsetup,PK_Gsetup,CLUSTERED,True,True,False,TypeSell,
GTalaei,PK_GTalaei,CLUSTERED,True,True,False,T_Index,
HAMKAR,A_N,NONCLUSTERED,False,False,False,A_name,
HAMKAR,ACode,NONCLUSTERED,False,False,False,A_code,
HAMKAR,C_N,NONCLUSTERED,False,False,False,C_name,
HAMKAR,CCode,NONCLUSTERED,False,False,False,C_code,
HAMKAR,PK_HAMKAR,CLUSTERED,True,True,False,"Typeaction,C_code,A_code,H_Date,H_Time,Comment",
HazinehFact,PK__HazinehF__3214EC27AD318B86,CLUSTERED,True,True,False,ID,
HelpHavl,PK_HelpHavl,CLUSTERED,True,True,False,"Index,A_Code_S",
HLOPictures,PK__HLOPictu__3214EC274536FA3F,CLUSTERED,True,True,False,ID,
HORDBILD,PK_HORDBILD,CLUSTERED,True,True,False,Index,
Hrd_Fac_Art,PK_Hrd_Fac_Art,CLUSTERED,True,True,False,"F_Code,FC_Index,FA_Radif",
Hrd_Fac_Com,PK_Hrd_Fac_Com,CLUSTERED,True,True,False,"F_Code,FC_Index",
Hrd_Facture,PK_Hrd_Facture,CLUSTERED,True,True,False,F_Code,
Hrd_Formul_Art,PK_Hrd_Formul_Art,CLUSTERED,True,True,False,"FC_Index,FA_Radif",
Hrd_Formul_Com,PK_Hrd_Formul_Com,CLUSTERED,True,True,False,FC_Index,
ItemArticle,PK_ItemArticle_ID,CLUSTERED,True,True,False,ID,
ItemFact,PK_ItemFact_ID,CLUSTERED,True,True,False,ID,
JwStones,PK_JwStones_A_Code,CLUSTERED,True,True,False,"A_Code,GoldArt_Id",
Kh_Dastgah,Das_Code_CIndex,NONCLUSTERED,False,True,False,Das_Code_C,
Kh_Dastgah,PK_Kh_Dastgah,CLUSTERED,True,True,False,Das_Code,
Kh_Fac_List,PK_Kh_Fac_List,CLUSTERED,True,True,False,FL_Code,
Kh_FAC_SER,PK_Kh_Fac_Ser,CLUSTERED,True,True,False,"Fac_Code,A_Code,A_Serial,A_Index",
Kh_Facture,PK_Kh_Facture,CLUSTERED,True,True,False,F_Code,
Kh_Facture_Dasgah,PK_Kh_Facture_Dasgah,CLUSTERED,True,True,False,Id,
Kh_Facture_Haz,PK_Table1,CLUSTERED,True,True,False,F_Code,
Kh_Gar_List,G_Code_Das_CodeIndex,NONCLUSTERED,False,False,False,"G_Code DESC,Das_Code DESC",
Kh_Gar_List,PK_Kh_Gar_List,CLUSTERED,True,True,False,GL_Code,
Kh_Garanty,G_Code_CIndex,NONCLUSTERED,False,True,False,"G_Code_C,G_Type",
Kh_Garanty,PK_Kh_Garanty,CLUSTERED,True,True,False,G_Code,
Kharid_M,PK_Kharid_M_1,CLUSTERED,True,True,False,"Kh_Date,C_Code,A_Index",
LABEL,PK_LABEL,CLUSTERED,True,True,False,Main_Group,
M_GROUP,M_G_Name,NONCLUSTERED,False,False,False,M_groupname,
M_GROUP,PK_M_GROUP,CLUSTERED,True,True,False,M_groupcode,
M_HAZINE,PK_M_HAZINE,CLUSTERED,True,True,False,MHaz_Code,
M_SPDSEL,PK_M_SPDSEL,CLUSTERED,True,True,False,"SellDate,A_Code,SellTime",
MAZ_CO,PK_MAZ_CO,CLUSTERED,True,True,False,"Code,Date",
MAZ_KASR,PK_MAZ_KASR,CLUSTERED,True,True,False,CodePer,
MenuButton,PK_MenuButton,CLUSTERED,True,True,False,Id,
MONEY,PK_MONEY,CLUSTERED,True,True,False,M_Code,
MSETUP,PK_MSETUP,CLUSTERED,True,True,False,Del_Pishfac,
MSETUP2,PK_MSETUP2,CLUSTERED,True,True,False,Name,
MSETUP3,PK_MSETUP3,CLUSTERED,True,True,False,Name,
NEWBANK,PK_NEWBANK,CLUSTERED,True,True,False,Bank_Code,
OptionsSnd,PK__OptionsS__3214EC27315B9FE2,CLUSTERED,True,True,False,ID,
ORD_BILD,PK_ORD_BILD,CLUSTERED,True,True,False,A_Code,
PAY_WORK,PK_PAY_WORK,CLUSTERED,True,True,False,"CodePer,Month",
payTasvieh,PK_payTasvieh_ID,CLUSTERED,True,True,False,Id,
PERSONEL,PK_PERSONEL,CLUSTERED,True,True,False,CodePer,
PHONE_B,PK_PHONE_B,CLUSTERED,True,True,False,Code,
PHONE_G,PK_PHONE_G,CLUSTERED,True,True,False,G_Code,
PorsantVaseteh,PK_PorsantVaseteh,CLUSTERED,True,True,False,"A_Code,C_Code",
PosActive,PK__PosActiv__3214EC275B25A69F,CLUSTERED,True,True,False,ID,
Poshak,PK_Poshak_ID,CLUSTERED,True,True,False,ID,
PoshakProperties,PK_PoshakProperties,CLUSTERED,True,True,False,ID,
PosTrans,PK_PosTrans,CLUSTERED,True,True,False,ID,
PriceS_Detail,PK_PriceL_Detail,CLUSTERED,True,True,False,"St_Code,A_Code",
PriceS_Titr,PK_PriceL_Titr,CLUSTERED,True,True,False,St_Code,
PRN_FACT,PK_PRN_FACT,CLUSTERED,True,True,False,CIndex,
PRN_FACT,Priority_I,NONCLUSTERED,False,False,False,CPriority,
PrnIndex,PK_PrnIndex,CLUSTERED,True,True,False,PrinterName,
Process,PK__Process__3214EC27A19B220B,CLUSTERED,True,True,False,ID,
R_Setup,PK_R_Setup,CLUSTERED,True,True,False,"GroupNo,Name",
RateLabel,PK__RateLabe__3214EC0717C14916,CLUSTERED,True,True,False,Id,
RememberEvent,PK_RememberEvent,CLUSTERED,True,True,False,Id,
Rent,PK_Rent,CLUSTERED,True,True,False,RentNumber,
REQUEST,PK_REQUEST,CLUSTERED,True,True,False,Index,
Res_ArtType,PK_Res_ArtType_1,CLUSTERED,True,True,False,Id,
Res_Desk,PK_Res_Desk,CLUSTERED,True,True,False,Id,
Res_Fac_List,PK_Res_Fac_List,CLUSTERED,True,True,False,"F_Code,FL_Index",
Res_FacList_Log,PK_Res_FacList_Log,CLUSTERED,True,True,False,Id,
Res_Factur_Log,PK_Res_Factur_Log,CLUSTERED,True,True,False,Id,
Res_Facture,PK_Res_Facture,CLUSTERED,True,True,False,F_Code,
Res_LogRequest,PK_Res_LogReqest,CLUSTERED,True,True,False,Id,
Res_LogRespond,PK_Res_LogRespond,CLUSTERED,True,True,False,Id,
Res_MenuArt,PK_Res_MenuArt,CLUSTERED,True,True,False,"A_Type,ButtonNo",
Res_MenuCategory,PK_Res_MenuCategory,CLUSTERED,True,True,False,A_Type,
Res_Order,PK_Res_Order,CLUSTERED,True,True,False,OID,
Res_OrderList,PK_Res_OrderList,CLUSTERED,True,True,False,OLID,
Res_Pattern,PK_Res_Pattern_1,CLUSTERED,True,True,False,Id,
Res_PatternDetail,PK_Res_PatternDetail_1,CLUSTERED,True,True,False,Id,
Res_Peik,PK_Res_Peik,CLUSTERED,True,True,False,RP_Code,
Res_Reservation,PK_Res_Reservation,CLUSTERED,True,True,False,ID,
ReserveFactart,INDEX_ReserveFactart,NONCLUSTERED,False,True,True,"FacCode,Fac_Type,Index",
ReserveOther,PK_ReserveOther,CLUSTERED,True,True,False,ID,
RMInvoice,PK_RMInvoice,CLUSTERED,True,True,False,Id,
RMInvoiceChequePay,PK_RMInvoiceChequePay,CLUSTERED,True,True,False,Id,
RMInvoiceDtl,PK_RMInvoiceDtl,CLUSTERED,True,True,False,Id,
RMInvoiceDtlSize,PK_RMInvoiceDtlSize,CLUSTERED,True,True,False,Id,
RMParty,PK_RMParty,CLUSTERED,True,True,False,Id,
RMServerSetting,PK_RMServerSetting,CLUSTERED,True,True,False,Id,
RMTempFacture,PK_RMTempFacture,CLUSTERED,True,True,False,Id,
RMTempFactureDetail,PK_RMTempFactureDetail,CLUSTERED,True,True,False,Id,
RMTempPicPath,PK_RMTempPicPath,CLUSTERED,True,True,False,tid,
RMTrsAfo,PK_RMTrsAfo,CLUSTERED,True,True,False,id,
RMUserArtAccess,INDEX_RMUserArtAccess,NONCLUSTERED,False,True,True,"UserId,ArticleId,DataTypeId",
RMUserArtAccess,PK_RMUserArtAccess,CLUSTERED,True,True,False,Id,
RMVisitorGPS,PK_RMVisitorGPS,CLUSTERED,True,True,False,"RMId,visitorCode",
RollDetail,PK_ID,CLUSTERED,True,True,False,Id,
RQDETAIL,PK_RQDETAIL,CLUSTERED,True,True,False,"RqIndex,RqType,RqIncIndex",
RQTITLE,PK_RQTITLE,CLUSTERED,True,True,False,RqIndex,
Rs_FacList,PK_Rs_FacList,CLUSTERED,True,True,False,"F_Code,FL_Index,ID_FCode",
Rs_Facture,PK__Rs_Factu__3214EC27DB767CFD,CLUSTERED,True,True,False,ID,
S_GROUP,PK_S_GROUP,CLUSTERED,True,True,False,"M_groupcode,S_groupcode",
S_GROUP,S_G_Name,NONCLUSTERED,False,False,False,M_groupcode,
Saham,PK_Saham,CLUSTERED,True,True,False,"C_Code,YearDate",
Saham_P,PK_Saham_P,CLUSTERED,True,True,False,C_Code,
SaierKusurat,PK__SaierKus__3214EC0765071BB0,CLUSTERED,True,True,False,Id,
SANAD,PK_SANAD,CLUSTERED,True,True,False,Sanad_Code,
Sanad_Code_Pos,PK_Sanad_Code_Pos,CLUSTERED,True,True,False,Id,
SanadRes_Code_Pos,PK_SanadRes_Code_Pos,CLUSTERED,True,True,False,id,
SARFASL,PK_SARFASL,CLUSTERED,True,True,False,"Col_Code,Moien_Code,Tafzili_Code",
SARFASL,SarFasl_C,NONCLUSTERED,False,False,False,Sarfasl_Code,
SARFASL,SarFasl_N,NONCLUSTERED,False,False,False,Sarfasl_Name,
SarfaslInfo,PK__SarfaslI__3214EC271846D4FC,CLUSTERED,True,True,False,ID,
SarfaslType,PK__SarfaslT__3213E83F7EB24756,CLUSTERED,True,True,False,id,
SaveClsF,FrmlTIndex,NONCLUSTERED,False,False,False,"A_Code,A_CodeFrmlE",
SaveClsF,PK_SaveClsF,CLUSTERED,True,True,False,"Fac_Code,Fac_Type,A_Code,A_Index,SIndex,Momaiez,A_CodeFrmlE,ID",
SaveResid,PK_SaveResid,CLUSTERED,True,True,False,Sanad_code,
SCode,PK_SCode,CLUSTERED,True,True,False,SCode,
SellerDetail,PK__SellerDe__3214EC076BEA0370,CLUSTERED,True,True,False,Id,
SerReserveTolid,PK_SerReserveTolid,CLUSTERED,True,True,False,ID,
Set_Sarfasl,PK_Set_Sarfasl,CLUSTERED,True,True,False,S_Name,
Set_TncRep,PK_Set_TncRep,CLUSTERED,True,True,False,R_Code,
SETPRINT,PK_SETPRINT,CLUSTERED,True,True,False,Index,
SetTPDetail,PK_SetTPDetail,CLUSTERED,True,True,False,Id,
SetTPMaster,PK_SetTPMaster,CLUSTERED,True,True,False,TP_Code,
ShiftDayofWeek,PK__ShiftDay__3214EC27DEA47DD3,CLUSTERED,True,True,False,ID,
SMSCalendarGroup,PK__SMSCalen__3214EC27204497BF,CLUSTERED,True,True,False,ID,
SMSCUSTOMER,PK_SMSCUSTOMER,CLUSTERED,True,True,False,Id,
SMSDetail,PK_SMSDetail,CLUSTERED,True,True,False,"ID,ParentId",
SMSGroup,PK__SMSGroup__3214EC27C5E8A36E,CLUSTERED,True,True,False,ID,
SMSInformation,PK__SMSInfor__3214EC2769C2A55E,CLUSTERED,True,True,False,ID,
SMSListGroup,PK__SMSListG__DF27793166F92BDE,CLUSTERED,True,True,False,"ID,ParentId",
SMSOutBox,PK__SMSOutBo__3214EC2794684494,CLUSTERED,True,True,False,ID,
SMSSelectGroup,PK__SMSSelec__3214EC27D295A7BF,CLUSTERED,True,True,False,ID,
SMSSelectInfo,PK__SMSSelec__3214EC27743B422E,CLUSTERED,True,True,False,ID,
Snd_Haz,PK_Snd_Haz,CLUSTERED,True,True,False,S_Code,
SND_INDX,PK_SND_INDX,CLUSTERED,True,True,False,"Sanad_Code,Fac_Code,Fac_Type,Check_Code",
SND_LIST,PK_SND_LIST,CLUSTERED,True,True,False,"Sanad_Code,Index",
SND_LIST,SCode_Col,NONCLUSTERED,False,False,False,"Sanad_Code,Col_Code",
SND_TYPE,PK_SND_TYPE,CLUSTERED,True,True,False,Snd_Type,
SndHelp,PK_SndHelp,CLUSTERED,True,True,False,Index,
Spdpay_f,PK_Spdpay_f,CLUSTERED,True,True,False,SpdFac_Code,
SPDSELL,PK_SPDSELL,CLUSTERED,True,True,False,"A_Code,UserCodeInc",
SPDSELU,PK_SPDSELU,CLUSTERED,True,True,False,"SellerCode,A_Code",
STGDetail,PK_STGDetail_ID,CLUSTERED,True,True,False,Id,
STGMaster,PK_STGMaster_ID,CLUSTERED,True,True,False,Id,
Surttitl,PK__Surttitl__3214EC0796C7FD25,CLUSTERED,True,True,False,Id,
T_W_KH,PK_T_W_KH,CLUSTERED,True,True,False,"Codep,Date",
TAGTYPES,PK_TAGTYPES,CLUSTERED,True,True,False,S_GroupCode,
TajzAval,PK_TajzAval,CLUSTERED,True,True,False,"A_Code,FormulaID",
TajzEnd,PK_TajzEnd,CLUSTERED,True,True,False,"ID,A_Code",
TaxLog,PK_TaxLog,CLUSTERED,True,True,False,Id,
TAZMIN,PK_TAZMIN,CLUSTERED,True,True,False,Check_Code,
tblBijakBarbari,PK_tblBijakBarbari_1,CLUSTERED,True,True,False,"BCode,CodeCust",
TblBoodjeh,PK_TblBoodjeh,CLUSTERED,True,True,False,Id,
TblInsurance,PK_Insurance_ID,CLUSTERED,True,True,False,Id,
TblSenf,PK_Senf_ID,CLUSTERED,True,True,False,Id,
TMPAlias_Holoo,PK__TMPAlias__3214EC07B4A820E8,CLUSTERED,True,True,False,Id,
TmpCheck,PK__TmpCheck__3214EC27864E8780,CLUSTERED,True,True,False,ID,
TmpFactart,PK__TmpFacta__3214EC27039C686E,CLUSTERED,True,True,False,ID,
TmpFacture,PK__TmpFactu__3214EC27175A1352,CLUSTERED,True,True,False,ID,
TmpSanad,PK__TmpSanad__3214EC272CC733F2,CLUSTERED,True,True,False,ID,
TRAVELCH,PK_TRAVELCH,CLUSTERED,True,True,False,Check_Code,
TYPE_ANB,PK_TYPE_ANB,CLUSTERED,True,True,False,Type_Anbar_C,
UNIT,PK_UNIT,CLUSTERED,True,True,False,Unit_Code,
UNIT,U_N,NONCLUSTERED,False,False,False,Unit_Name,
UNIT,Unit_Code_INDEX,NONCLUSTERED,False,False,False,Unit_Code,
UpInfo,PK_UpInfo,CLUSTERED,True,True,False,"Fac_Code,Fac_Type",
USERDB,PK_USERDB,CLUSTERED,True,True,False,"PasWord,Name,UserCodeInc",
USERDB,U_Code,NONCLUSTERED,False,False,False,UserCode,
Userdb_Info,PK_Userdb_Infol,CLUSTERED,True,True,False,UserCodeInc,
UserDBAcces,PK__UserDBAc__3214EC07BB822ADF,CLUSTERED,True,True,False,Id,
UserSell,PK__UserSell__3214EC277C07575D,CLUSTERED,True,True,False,ID,
VasetF,PK_VasetF,CLUSTERED,True,True,False,"Fac_Code,Fac_Type",
VC_PeikVaseteh,PK_VC_PeikVaseteh,CLUSTERED,True,True,False,"VCF_Id,VCF_Type,Counect_Code",
Work,IX_Work,NONCLUSTERED,False,False,False,CodePer,
Work,PK_Work,CLUSTERED,True,True,False,"CodePer,WDate",
