table,rows,columns,has_pk,indexes,has_identity,pk_first_col
AB_CATCH,0,33,1,1,1,Index
ABAILPRE,11,47,1,1,1,Fac_Code
AccessDelay,0,7,0,0,1,
ACOUND_C,0,11,1,2,1,C_Code
ACOUND_N,98,34,1,1,1,C_Code
ACOUND_N_Pos,0,12,1,1,1,ID
AcoundCashArz,0,4,0,0,1,
Address,0,2,1,1,1,Code
Amozshgh,0,2,1,1,1,CodeInc
ANB_SER,1,15,1,1,0,A_Code
ANBAGARD,0,16,1,1,1,Id
ANBAGARDSize,0,7,0,0,1,
AnbargardFarsh,0,13,0,0,1,
AnbToAnbLogs,0,15,0,0,1,
ANDROID_USER_ACTIONS,0,9,0,0,1,
ArayeshgahPackage_Detail,0,5,1,1,1,ID
ArayeshgahPackage_Title,0,2,1,1,1,ID
ArayeshShift_Work,0,26,1,1,1,Id
ART_AVAL,0,11,0,0,0,
ART_BAIL,0,21,1,3,1,Fac_Code
Art_H_R,0,4,0,0,1,
Art_Sel_Comment,0,21,1,1,0,A_Code
Artclass,0,8,1,2,1,A_Code
Artexst2,0,8,1,2,1,A_Code
ARTICLE,9607,247,1,4,1,A_Code
Article_DeliveryTimes,0,3,0,0,1,
ArticleCodes,51,4,0,1,1,
ArticlePrice,1268,11,1,2,1,ID
ArticleSarfasl,0,7,1,1,1,ArtID
ArtInsurance,0,3,1,1,0,A_Code
Artlabel,0,11,1,1,0,Index
ARZ_LIST,0,8,1,1,1,C_Code
ArzEqual,0,4,0,0,1,
AutoCarModel,0,2,1,1,1,Id
AutoCustomerCars,0,10,1,1,1,Id
AutoFactInfo,0,13,1,1,1,Id
BackInfo,3,5,0,0,1,
Barname_detail,0,6,0,0,1,
Barname_master,0,8,0,0,1,
Barname_Title,0,2,0,0,1,
Bijak,0,26,1,2,1,B_CodeInc
BILD,0,15,1,1,0,A_Code
BILDAVAL,0,15,1,1,1,A_Code
BILDEND,0,18,1,2,1,ID
BuildFItems,0,6,0,0,1,
CallerId,0,7,1,1,1,Id
CaptionItem,0,3,0,0,1,
Cars,0,3,1,1,1,Id
CartableProcess,0,10,0,0,1,
Cash,8,6,1,1,1,Id
ChartSod,0,10,0,0,0,
Check,12515,68,1,5,1,Check_Code
Check_Bkup,31663,12,0,0,0,
Check_Event,35824,7,1,1,1,Id
CheckFact_Link,0,3,1,1,1,Check_Code
CHK_AVAL,0,30,1,1,1,BackNumber
CHK_TARH,10,12,1,1,0,ComponentName
CITY,6,6,1,2,1,City_Code
ClientSetup,8,3,1,1,1,ID
Colors,0,4,1,1,1,Id
COMMENT,1,8,1,1,1,M_Code
CompName,1,2,1,1,1,CompCode
Contract,0,28,0,0,1,
ContractCheques,0,5,1,1,1,id
ContractRent,0,41,1,1,1,id
ContractSell,0,36,1,1,1,id
CUS_AVAL,1,5,0,0,0,
cust_Bone,0,3,1,1,1,BonehId
Cust_Runner,0,6,1,1,1,Id
Cust_Tell,32695,36,1,1,0,CCode
CustDtil,0,6,0,0,1,
CUSTOMER,32696,138,1,3,0,C_Code
CustomerDetail,0,5,1,1,1,C_Index
CustomerGroup,0,2,0,0,1,
CustomerSarfasl,32695,6,1,1,1,CustCode
CustomerVaseteh,0,5,1,1,1,ID
CUSTOTH,0,7,1,4,1,Index
DAFTARCH,0,15,1,1,1,MyIndex
DastehCH,0,10,1,1,1,C_Code
DefrentPrice,0,32,1,1,1,ID
DelFACTSPD,0,13,1,1,1,Counter
DeliveryTimes,0,2,0,0,1,
DifferDData,0,8,1,1,1,id
DifferDiskette,0,5,1,1,1,id
DifferDisketteToAccount,0,4,1,2,1,id
DifferEqualize,0,3,1,2,1,id
DifferFileDeclDBF,0,19,1,1,1,id
DifferFileDeclTxt,0,19,1,1,1,id
DifferHData,0,6,1,1,1,id
DifferTypes,0,5,1,1,1,id
DifferTypeValue,0,3,1,1,1,id
DressBuildFormol,0,10,1,1,1,Formol_Id
DressToCutter,0,7,1,1,1,DC_Code
DressToCutter_Detail,0,25,1,1,1,Id
DrugList,0,8,1,1,1,Id
EntezarM,0,3,1,1,0,C_Code
Estkhdam,0,2,1,1,1,CodeInc
EventName,0,2,0,0,1,
FAC_BILD,0,39,1,1,0,Fac_Code
FAC_SER,0,13,1,1,0,Fac_Code
FACTART,53049,89,1,2,0,Fac_Code
FactOther,2351,10,1,1,0,Fac_Code
FACTSPD,0,20,1,1,0,Fac_Code
FACTTARH,0,20,1,1,0,ComponentName
FACTURE,21796,127,1,2,0,Fac_Code
FactureIRM,0,22,0,0,0,
Farsh,0,18,0,0,1,
FBAILPRE,8,41,1,2,1,Fac_Code
FCOUNECT,0,15,1,1,1,Fac_Code
FilterCustomerGroup,0,3,0,0,1,
Formula,0,6,1,1,1,ID
G_Age,0,4,1,2,0,G_Code
Gar_Oth,0,28,0,0,1,
GarantyCard,0,11,1,1,1,G_Code
GAtribut,0,15,1,1,1,Inc_Code
Ghabzsel,0,4,0,0,0,
Ghali,0,5,0,0,1,
GHEST,22,34,1,2,1,C_Code
GhestGroup,0,2,1,1,1,GH_GroupID
Ghlprep,0,11,1,1,0,S_G_Code
Glass_Detail,0,21,1,1,1,ID
Glass_Master,0,29,1,1,1,ID
Gold_Vazn,0,2,1,1,1,Id
GoldAcount,0,16,1,1,0,Fac_Code
GoldAcountArt,0,21,1,1,0,Fac_Code
GoldArts,0,53,1,1,1,A_Code
GoldArtTypes,0,5,1,1,1,Id
GoldFactArt,0,32,1,1,0,Fac_Code
GoldPanel,0,15,1,1,1,Id
GoldTaviehAcount,0,27,1,1,0,Fac_Code
GROP_SAR,15,6,1,1,1,Group_Code
GROP_SOD,5,3,1,1,1,Radif_SoodCode
GroupAccess,0,7,0,0,1,
Groups,0,4,1,3,0,G_Code
GroupSarfasl,0,7,1,1,1,GroupID
Gsetup,0,21,1,1,0,TypeSell
GTalaei,0,10,1,1,1,T_Index
HAMKAR,0,12,1,5,0,Typeaction
Haval_R,0,5,0,0,1,
HazinehFact,0,14,1,1,1,ID
HelpHavl,0,14,1,1,0,Index
HLO,0,2,0,0,0,
HLOPictures,0,7,1,1,1,ID
HLP_,0,13,0,0,1,
HORDBILD,0,13,1,1,0,Index
Hrd_Fac_Art,0,10,1,1,0,F_Code
Hrd_Fac_Com,0,10,1,1,0,F_Code
Hrd_Facture,0,31,1,1,1,F_Code
Hrd_Formul_Art,0,6,1,1,0,FC_Index
Hrd_Formul_Com,0,9,1,1,1,FC_Index
ItemArticle,0,8,1,1,1,ID
ItemFact,0,10,1,1,1,ID
JName,0,1,0,0,0,
JwStones,0,7,1,1,1,A_Code
Karton,0,3,0,0,1,
Kh_Dastgah,0,7,1,2,1,Das_Code
Kh_Fac_List,0,11,1,1,1,FL_Code
Kh_FAC_SER,0,4,1,1,0,Fac_Code
Kh_Facture,0,30,1,1,1,F_Code
Kh_Facture_Dasgah,0,5,1,1,1,Id
Kh_Facture_Haz,0,26,1,1,0,F_Code
Kh_Gar_List,0,5,1,2,1,GL_Code
Kh_Garanty,1,7,1,2,1,G_Code
Kharid_M,0,20,1,1,1,Kh_Date
Kind_M,0,4,0,0,1,
LABEL,1,9,1,1,0,Main_Group
M_GROUP,20,17,1,2,0,M_groupcode
M_HAZINE,0,8,1,1,1,MHaz_Code
M_SPDSEL,1,6,1,1,0,SellDate
MAZ_CO,0,4,1,1,0,Code
MAZ_KASR,0,26,1,1,0,CodePer
MenuButton,0,4,1,1,1,Id
MILLANG,0,10,0,0,0,
MONEY,4,4,1,1,1,M_Code
MORKHASI,0,8,0,0,0,
MSETUP,1,45,1,1,0,Del_Pishfac
MSETUP2,1393,6,1,1,0,Name
MSETUP3,5926,6,1,1,0,Name
NEWBANK,82,3,1,1,0,Bank_Code
NspdSel_Tasvieh,0,6,0,0,1,
OldFacture,0,11,0,0,1,
OptionsSnd,0,9,1,1,1,ID
ORD_BILD,0,26,1,1,0,A_Code
PAY_WORK,0,15,1,1,0,CodePer
payTasvieh,0,6,1,1,1,Id
PERSONEL,0,31,1,1,0,CodePer
PHONE_B,2,26,1,1,1,Code
PHONE_G,1,2,1,1,1,G_Code
PorsantVaseteh,0,3,1,1,0,A_Code
Pos_Account,0,7,0,0,1,
PosActive,0,4,1,1,1,ID
Poshak,0,4,1,1,1,ID
PoshakProperties,0,4,1,1,1,ID
PosTrans,0,15,1,1,1,ID
PPCART,11,5,0,0,1,
PriceS_Detail,0,6,1,1,1,St_Code
PriceS_Titr,0,3,1,1,1,St_Code
PRN_FACT,21,9,1,2,0,CIndex
PrnF_Art,0,6,0,0,0,
PrnIndex,3,2,1,1,0,PrinterName
Process,108730,12,1,1,1,ID
Q_Hlp,0,9,0,0,0,
R_Setup,0,17,1,1,0,GroupNo
RateLabel,0,2,1,1,1,Id
REMEMBER_USERS,0,3,0,0,1,
RememberEvent,0,13,1,1,1,Id
Rent,0,55,1,1,0,RentNumber
REQUEST,0,9,1,1,1,Index
Res_ArtType,5,3,1,1,1,Id
Res_DailyRep,0,15,0,0,0,
Res_Desk,0,6,1,1,1,Id
Res_Fac_List,0,29,1,1,1,F_Code
Res_FacList_Log,0,13,1,1,1,Id
Res_Factur_Log,0,32,1,1,1,Id
Res_Facture,0,75,1,1,1,F_Code
Res_LogRequest,0,8,1,1,1,Id
Res_LogRespond,0,8,1,1,1,Id
Res_MenuArt,0,11,1,1,0,A_Type
Res_MenuCategory,0,6,1,1,1,A_Type
Res_Order,0,5,1,1,1,OID
Res_OrderList,0,4,1,1,1,OLID
Res_Pattern,0,3,1,1,1,Id
Res_PatternDetail,0,7,1,1,1,Id
Res_Peik,0,6,1,1,1,RP_Code
Res_Reservation,0,11,1,1,1,ID
ReserveDetail,0,12,0,0,0,
ReserveFactart,0,68,0,1,0,
ReserveFacture,0,7,0,0,1,
ReserveMaster,0,22,0,0,0,
ReserveOther,0,13,1,1,1,ID
ResFactoreReportLog,0,27,0,0,1,
RfCardInfo,0,5,0,0,1,
RMInvoice,0,38,1,1,1,Id
RMInvoiceChequePay,0,27,1,1,1,Id
RMInvoiceDtl,0,43,1,1,1,Id
RMInvoiceDtlSize,0,19,1,1,1,Id
RMiveFactart,0,32,0,0,0,
RMiveFacture,0,7,0,0,1,
RMParty,0,35,1,1,1,Id
RMServerSetting,0,9,1,1,1,Id
RMTempFacture,0,9,1,1,1,Id
RMTempFactureDetail,0,9,1,1,1,Id
RMTempPicPath,0,8,1,1,1,tid
RMTrsAfo,0,34,1,1,1,id
RMUserArtAccess,0,9,1,2,1,Id
RMVisitorGPS,0,16,1,1,1,RMId
RollDetail,0,15,1,1,1,Id
RQDETAIL,0,42,1,1,1,RqIndex
RQTITLE,0,41,1,1,1,RqIndex
RQType,0,4,0,0,1,
Rs_FacList,0,21,1,1,1,F_Code
Rs_Facture,0,71,1,1,1,ID
S_GROUP,86,18,1,2,0,M_groupcode
Saham,0,8,1,1,0,C_Code
Saham_P,0,24,1,1,0,C_Code
SaierKusurat,0,5,1,1,1,Id
SANAD,47447,38,1,1,1,Sanad_Code
Sanad_Code_Pos,0,4,1,1,1,Id
Sanad_Edit,12,35,0,0,0,
SanadHelp,0,12,0,0,1,
SanadRes_Code_Pos,0,3,1,1,1,id
SARFAS_H,0,5,0,0,0,
SARFASL,33564,24,1,3,1,Col_Code
SarfaslAccess,0,3,0,0,1,
SarfaslInfo,0,12,1,1,1,ID
SarfaslType,59,4,1,1,0,id
SaveClsF,0,9,1,2,1,Fac_Code
SaveResid,16161,19,1,1,0,Sanad_code
SCode,0,1,1,1,0,SCode
SellerDetail,0,6,1,1,1,Id
SerReserveTolid,0,7,1,1,1,ID
Set_Sarfasl,5,5,1,1,0,S_Name
Set_TncRep,4,7,1,1,1,R_Code
SETPRINT,1,23,1,1,1,Index
SetTPDetail,0,8,1,1,1,Id
SetTPMaster,0,16,1,1,1,TP_Code
ShiftDayofWeek,0,5,1,1,1,ID
SMSCalendarGroup,0,6,1,1,1,ID
SMSCUSTOMER,0,5,1,1,1,Id
SMSDetail,0,5,1,1,1,ID
SMSGroup,0,5,1,1,1,ID
SMSInformation,0,5,1,1,1,ID
SMSListGroup,0,8,1,1,1,ID
SMSOutBox,0,38,1,1,1,ID
SMSSelectGroup,0,5,1,1,1,ID
SMSSelectInfo,0,8,1,1,1,ID
SMSSendItem,0,4,0,0,1,
SMSSendModemInfo,0,3,0,0,1,
SMSSetting,0,15,0,0,1,
Snd_Haz,0,24,1,1,1,S_Code
SND_INDX,57322,5,1,1,0,Sanad_Code
SND_LIST,190469,24,1,2,1,Sanad_Code
snd_list_Edit,57898,25,0,0,0,
SND_TYPE,0,2,1,1,0,Snd_Type
SndHelp,0,14,1,1,1,Index
Spdpay_f,0,10,1,1,0,SpdFac_Code
SPDSELL,0,7,1,1,0,A_Code
SPDSELU,0,6,1,1,0,SellerCode
STGDetail,0,4,1,1,1,Id
STGMaster,0,13,1,1,1,Id
SUBGhali,0,3,0,0,0,
Surttitl,0,19,1,1,1,Id
T_Garar,0,13,0,0,0,
T_Kharid,0,7,0,0,1,
T_W_KH,0,4,1,1,0,Codep
TabOrder,0,9,0,0,1,
TAGTYPES,0,3,1,1,0,S_GroupCode
Tahvildar,0,11,0,0,0,
TahvildarLog,0,15,0,0,1,
TaitleForm,0,3,0,0,1,
TajzAval,0,9,1,1,0,A_Code
TajzEnd,0,13,1,1,1,ID
Tamir,0,8,0,0,1,
TaxForAdvantage,0,39,0,0,1,
TaxLog,20608,12,1,1,1,Id
TAZMIN,399,20,1,1,1,Check_Code
tb_menu,0,7,0,0,1,
tbl_ArtCommnt,0,2,0,0,1,
tbl_ArticlesComment,0,2,0,0,0,
Tbl_Btr,0,11,0,0,1,
TblAricleCustomer,0,4,0,0,1,
tblBijakBarbari,0,13,1,1,1,BCode
TblBoodjeh,0,30,1,1,1,Id
TblInsurance,0,2,1,1,1,Id
TblSenf,0,2,1,1,1,Id
TDeclaration,0,6,0,0,1,
TitleForm,0,6,0,0,1,
TMPAlias_Holoo,0,3,1,1,1,Id
TmpCheck,0,15,1,1,1,ID
TmpFactart,0,24,1,1,1,ID
TmpFacture,0,39,1,1,1,ID
TmpSanad,0,21,1,1,1,ID
TRAVELCH,0,10,1,1,1,Check_Code
TYPE_ANB,3,3,1,1,1,Type_Anbar_C
UNIT,1,8,1,3,1,Unit_Code
Unit_group,0,13,0,0,1,
UpInfo,0,6,1,1,1,Fac_Code
USERDB,16,239,1,2,0,PasWord
Userdb_Info,0,7,1,1,1,UserCodeInc
UserDBAcces,0,3,1,1,1,Id
UserSell,1,6,1,1,1,ID
Vaset_Factor_Tolid,0,6,0,0,0,
VasetF,0,5,1,1,0,Fac_Code
VC_Facture,0,44,0,0,1,
VC_PeikVaseteh,0,6,1,1,1,VCF_Id
VC_Type,0,5,0,0,1,
VisitorCoordinate,0,7,0,0,1,
Work,0,9,1,2,0,CodePer
