id,domain,capability,holoo_source,rule_evidence,proof,usage_1404,need,category,parity_test,future_status
ACC-01,حسابداری,کدینگ سه‌سطحی کل/معین/تفصیلی,"SARFASL(Col,Moien,Tafzili,Sarfasl_Code,Parent,SParent)",طول 3/7/11؛ trigger trUpdatePerent,PROVEN,"33,564 حساب",MUST,B,همه کدها و نام‌ها و درخت پس از Import برابر؛ تعداد هر سطح,READER_READY
ACC-02,حسابداری,حساب شخص در سطح معین (کدینگ ترکیبی قدیمی),CUSTOMER.*_Bed/_Bes → SARFASL (len 7),"9,977 شخص روی معین",PROVEN,"9,977 شخص",MUST,B,"D-03 ✅: شخص = بُعد فرعی روی حساب کنترلی (1030008… / 103P / 401P)؛ انتقال ۳۲,۷۰۵ حساب شخص؛ مانده هر شخص = View هلو (صفر اختلاف)",VERIFIED
ACC-03,حسابداری,ماهیت حساب، گروه ترازنامه/سود و زیان,"SARFASL.Mahiat, Group → GROP_SAR",Group_Main 1/2/3,PROVEN,همه حساب‌ها,MUST,A,ترازنامه و سود و زیان بازسازی‌شده = سند بستن هلو,READER_READY
ACC-04,حسابداری,نقش سیستمی حساب‌ها (حساب پیش‌فرض عملیات),"SarfaslType(59), SARFASL.Type, MSETUP2 Sar*",59 نقش,PROVEN,فعال,MUST,B,هر نقش به همان حساب نگاشت شود,READER_READY
ACC-05,حسابداری,سند و ردیف سند (بدهکار/بستانکار),"SANAD, SND_LIST",بد=بس هر سند,PROVEN,"47,447 سند / 190,469 ردیف",MUST,A,"انتقال کامل ۴۷,۴۴۷ سند ۱۴۰۴ به هسته با قواعد توازن/برگ/شخص؛ برابری کامل (migration/)",VERIFIED
ACC-06,حسابداری,شماره ثابت + شماره عطف (بازشماره‌گذاری به ترتیب تاریخ),"SANAD.Sanad_Code, Sanad_Code_C/_C2",عطف مرتب شده؛ Log شماره موقت,PROVEN,فعال,MUST,B,هر دو شماره حفظ؛ ترتیب عطف = ترتیب تاریخ,READER_READY
ACC-07,حسابداری,انواع سند (فروش/خرید/دستی/دریافت/پرداخت/انتقال/چک/کارمزد),SANAD.Sanad_Type,11 نوع؛ الگوی حساب,PROVEN,فعال,MUST,A,توزیع انواع و الگوی حساب هر نوع برابر,READER_READY
ACC-08,حسابداری,نوع ردیف (F/S/Z/خالی) برای ارتباط ردیف با فاکتور و تسویه,SND_LIST.Type_Line,نمونه‌ها و شمارش,PROVEN,فعال,MUST,B,Type_Line هر ردیف حفظ و به نقش معنایی نگاشت,READER_READY
ACC-09,حسابداری,ردیف خارج از دفتر (Show_Daftar=0) — سازوکار ابطال فاکتور,SND_LIST.Show_Daftar,14 ردیف = همه ردیف‌های اسناد Q (E01.5b),PROVEN,14 ردیف,MUST,C,Reader: ردیف‌های پنهان خارج از دفتر؛ سیستم جدید: سند معکوس به‌جای پنهان‌سازی,READER_READY
ACC-10,حسابداری,افتتاحیه/بستن موقت/اختتامیه,SANAD.sanad_state 1/2/3؛ حساب 005/006,اسناد 1، 371083، 371084,PROVEN,فعال,MUST,B,قاعده core.year_end_lines (011): بستن موقت و اختتامیه ۱۴۰۴ از روی دفتر هسته عیناً برابر اسناد هلو (E22)؛ افتتاحیه سال بعد تولیدی و قفل,VERIFIED
ACC-11,حسابداری,موجودی ادواری و COGS در بستن سال,اسناد بستن + ARTICLE.Exist×Buy_Price,فرمول E06.2,PROVEN,فعال,MUST,B,"COGS=7,699,284,125,059 بازتولید شود",VERIFIED
ACC-12,حسابداری,مانده حساب (دفتر کل/معین/تفصیلی),"MandehOfSarfasl, W_SarfaslMandeh",ΣBed−ΣBes,PROVEN,گزارش پرکاربرد,MUST,A,"مانده ۱۰,۰۳۸ کد (کل/معین/تفصیلی) در هسته جدید = View هلو MandehOfSarfasl (صفر اختلاف)",VERIFIED
ACC-13,حسابداری,Cache مانده حساب,SARFASL.Mandeh,"33,451/33,470 منطبق",PROVEN,فعال,NO,C,جایگزین: محاسبه/Materialized view با کنترل,DESIGNED
ACC-14,حسابداری,نسخه‌های سند افتتاحیه,"Sanad_Edit, snd_list_Edit",12 نسخه,PROVEN,12,MUST,B,همه نسخه‌ها Import و قابل مقایسه,READER_READY
ACC-15,حسابداری,دفتر روزنامه، دفتر معین، مرور حساب,گزارش‌های هلو (Log A4)؛ تابع Calc_BedBes_UseInFuncDateBetween2,استفاده در Log,PROVEN,143+13+8 اجرا,MUST,A,"core.account_ledger: مانده پایان هر روز ۹,۹۵۵ حساب/شخص = هلو (۴۰,۴۲۶ حساب-روز)؛ اجرای خود spMoienAshkhas برای ۱۲۰ حساب: همان ردیف‌ها و مانده‌ها (E20)",VERIFIED
ACC-16,حسابداری,ترازنامه آزمایشی ۲/۴/۶/۸ ستونی,گزارش هلو (محاسبه در برنامه، نه در DB),Log A4,PROVEN,13 اجرا,MUST,A,"core.trial_balance_levels: تراز چهارستونی ۱۲ ماه + سال، در سه سطح، ۹۳,۱۰۵ کد-دوره صفر اختلاف با قاعده هلو (E20)",VERIFIED
ACC-17,حسابداری,مرکز هزینه,SND_LIST.MHaz_Code,0 ردیف,PROVEN,استفاده نشده,OPTIONAL,D,—,TODO
ACC-18,حسابداری,ارز,"SND_LIST.Bed_Arz/ArzId, MONEY",0 ردیف,PROVEN,استفاده نشده,OPTIONAL,D,—,TODO
ACC-19,حسابداری,حساب‌های انتظامی (چک ضمانت),"001/002, TAZMIN",مانده 0010002 = TAZMIN,PROVEN,399 چک,MUST,A,دفتر ضمانت با ضامن الزامی؛ ۲۷۲ سند انتظامی برابر (E19),VERIFIED
ACC-20,حسابداری,کارتابل/تأیید/قطعی‌سازی سند,"SANAD.End_Save, Review, StateSanadForKartabl",همه 0,PROVEN,استفاده نشده,MUST,C,جایگزین: چرخه پیش‌نویس→ثبت→قطعی + قفل دوره/سال با مجوز period.close/period.reopen، علت و Audit (D-05)؛ core test_d05_*,IMPLEMENTED
ACC-21,حسابداری,کنترل پنجره زمانی ثبت سند برای کاربر,"USERDB.InsSanadBefor/SanadTimeInsertValueBefore, EnterPriorDate",مقادیر 90/120 روز,NEEDS_MORE_EVIDENCE,5 کاربر,MUST,C,جایگزین: ثبت در هر دوره باز (D-05) + قفل دوره با مجوز و Audit؛ core test_d05_*,IMPLEMENTED
PER-01,اشخاص,پرونده شخص (حقیقی/حقوقی، کد ملی، اقتصادی، آدرس، موبایل),"CUSTOMER, Cust_Tell, FactOther",—,PROVEN,"32,696 شخص",MUST,B,"همه فیلدهای پرکاربرد Import و برابر؛ نگاشت به core.party با party_legacy_code (Idempotent، ۳۲,۶۹۶ شخص)",IMPLEMENTED
PER-02,اشخاص,نقش شخص (خریدار/فروشنده/واسطه/پرسنل/…),CUSTOMER.Kharid/Forosh/Vaseteh/…,پرچم‌ها تفکیک‌کننده نیستند,PROVEN,تقریباً همه,SHOULD,C,جایگزین: نقش استنتاجی از رفتار + نقش صریح,DESIGNED
PER-03,اشخاص,دو حساب بدهکار/بستانکار برای هر شخص,"CUSTOMER.*_Bed/*_Bes, CustomerSarfasl",F_Union_BedBesCustomer,PROVEN,306 شخص دوحسابی/تک‌بستانکار,MUST,B,مانده شخص = اجتماع دو حساب,VERIFIED
PER-04,اشخاص,مانده و گردش شخص,"W_Calc_Mandeh_Customer, F_Calc_BedBes_UseInView","بدون اسناد state 2,3",PROVEN,فعال,MUST,A,مانده هر شخص قبل از بستن برابر,VERIFIED
PER-05,اشخاص,سقف اعتبار، مهلت تسویه,"CUSTOMER.Etebar, MohlatTasvieh",2 و 1 شخص,PROVEN,بسیار کم,SHOULD,C,مهلت تسویه (party.payment_terms_days ← CUSTOMER.MohlatTasvieh) مبنای سررسید در سن‌بندی؛ سقف اعتبار در مدل,IMPLEMENTED
PER-06,اشخاص,لیست سیاه,CUSTOMER.InListSiah (+ برچسب در نام),8 شخص + متن نام,PROVEN,8,MUST,B,همه لیست سیاه + نام‌های دارای «بد حساب» پرچم بخورند,READER_READY
PER-07,اشخاص,گروه پیامک,CUSTOMER.SMSGroup,"13,976 شخص",PROVEN,فعال,SHOULD,A,گروه‌ها Import شوند,TODO
PER-08,اشخاص,شهر/منطقه شخص و گزارش فروش استان/شهر,CUSTOMER.City_Code→CITY,"32,678 شخص",PROVEN,4 اجرای گزارش,SHOULD,A,فروش به تفکیک شهر برابر,TODO
PER-09,اشخاص,کشف اشخاص تکراری,—,"5,042 نام تکراری",PROVEN,—,SHOULD,C,قابلیت جدید: ادغام کنترل‌شده با حفظ سابقه,TODO
SAL-01,فروش,فاکتور فروش (سرفصل + ردیف),FACTURE/FACTART Fac_Type=F,قاعده جمع و تسویه 100%,PROVEN,"19,877",MUST,A,فاکتور فروش هسته: پیش‌نویس ← قطعی ← ثبت یک‌تراکنشی سند + خروج موجودی؛ فروش با موجودی ناکافی رد (015),IMPLEMENTED
SAL-02,فروش,روش‌های تسویه فاکتور (نقد/کارت/چک/نسیه),FNaghd/Card/FCheck/FNesieh,مجموع=مبلغ,PROVEN,همه,MUST,B,مجموع هر روش در سال برابر,READER_READY
SAL-03,فروش,سند خودکار فروش با ردیف‌های دریافت همان لحظه,Sanad_Type 13,الگو F/ /Z/S,PROVEN,همه,MUST,B,"قاعده ثبت core.document_posting_lines: ۱۹,۸۷۷/۱۹,۸۷۷ سند فروش عیناً برابر سند هلو (migration/posting_parity.py)",VERIFIED
SAL-04,فروش,ثبت فروش از وب‌سرویس + شماره سفارش در شرح,Process (وب سرویس)، Fac_Comment «…/شماره»، UserCode=3,99.7% فروش,PROVEN,"20,083",MUST,B,شماره سفارش استخراج و یکتا؛ تطبیق با سامانه فروش,READER_READY
SAL-05,فروش,ابطال فاکتور فروش,Fac_Type Q + SND_LIST.Show_Daftar=0 + TaxLog SendType 3,ردیف‌های سند پنهان می‌شوند؛ سند معکوس صادر نمی‌شود,PROVEN,4,MUST,C,جایگزین: ابطال با سند معکوس خودکار + مؤدیان,READER_READY
SAL-06,فروش,برگشت از فروش,Fac_Type Y؛ سند 14,الگو 902/شخص/بانک,PROVEN,5,MUST,B,برگشت از فروش: ۵/۵ سند عیناً برابر هلو,VERIFIED
SAL-07,فروش,فاکتور اشانتیون (مبلغ صفر),F با Sum_Price=0,4 فاکتور,PROVEN,4,SHOULD,B,—,TODO
SAL-08,فروش,تخفیف ردیف/فاکتور، پورسانت، واسطه,"DarsadTakhfif, Takhfif, DarsadPorsant, Vaseteh_Code",0 ردیف,PROVEN,استفاده نشده,OPTIONAL,D,—,TODO
SAL-09,فروش,سطوح قیمت فروش (۱۰۰ سطح) و ArticlePrice,"ARTICLE.Sel_Price1..100, ArticlePrice",10 سطح در ArticlePrice,NEEDS_MORE_EVIDENCE,کم,SHOULD,C,جایگزین: فهرست قیمت نسخه‌دار,TODO
SAL-10,فروش,پیش‌فاکتور,FBAILPRE/ABAILPRE (P),8,PROVEN,8,OPTIONAL,D,—,TODO
SAL-11,فروش,حاشیه سود ردیف (بهای میانگین در ردیف),FACTART.Buy_Price,101 ردیف بهای صفر,PROVEN,فعال,MUST,C,جایگزین: بازمحاسبه بها پس از ثبت عقب‌افتاده,DESIGNED
SAL-12,فروش,گزارش فاکتور ستونی/تیتر/خلاصه,گزارش هلو,390+41 اجرا,PROVEN,پرکاربردترین,MUST,A,خروجی ماه نمونه برابر,TODO
SAL-14,فروش,تطبیق سند کانال فروش/خرید وب با سند هلو,WEBBLOB ↔ FACTURE/FACTART,807 فاکتور متفاوت؛ 782 با اصلاح در هلو (E12.7),PROVEN,فعال,MUST,C,R-10a؛ جایگزین: منبع حقیقت واحد + تطبیق,READER_READY
SAL-13,فروش,بالاترین فروش به اشخاص/کالاها,گزارش هلو,38+10 اجرا,PROVEN,فعال,MUST,A,رتبه‌بندی برابر,TODO
SAL-15,فروش,دو معیار قیمت خرید روی ردیف فروش (میانگین متحرک / آخرین خرید) و کنترل فروش زیر قیمت خرید,"FACTART.Buy_Price, FACTART.EndBuy_PriceK؛ MSETUP2 CheckBuyPriceAlart/CalcSoodInForooshEndBuyPrice","E13.2–E13.4؛ EndBuy_PriceK=آخرین خرید در 97.5% ردیف‌های دارای خرید قبلی؛ برای هر انبار جدا (4,947 ردیف منتقل‌شده بدون مبنا)",PROVEN,"هشدار هلو خاموش؛ 8,200 ردیف زیر آخرین خرید مدل",MUST,B,"D-11: مبنا=آخرین قیمت خرید؛ D-12: هشدار یکتا برای هر فاکتور + ایمیل؛ D-13: آخرین خرید همان مدل در کل مجموعه (8,200 ردیف؛ 72 بی‌مبنا)؛ core test_alerts",IMPLEMENTED
SAL-16,فروش,فروش اقساطی بتا (مشتری، قرارداد، قسط، وصول بانکی),SARFASL 1080004/4050006، GHEST (۲۲ ردیف)، شرح «وصول قسط بتا»,E14–E16: قرارداد و قسط در هلو وجود ندارد؛ وصول گروهی و متنی,PROVEN,۳۹۷ مشتری؛ ۶۳.۵ میلیارد مانده,MUST,C,core 004_beta + beta/ (۳۱ آزمون)؛ اجرای آزمایشی: ۹۸.۹٪ شناسایی شخص از صورت‌حساب؛ ثبت حسابداری منتظر D-14,IMPLEMENTED
PUR-01,خرید,فاکتور خرید,FACTURE/FACTART K؛ سند 14,بد 801/بس 401,PROVEN,942,MUST,A,قاعده ثبت: ۹۴۲/۹۴۲ سند خرید عیناً برابر سند هلو,VERIFIED
PUR-02,خرید,برگشت از خرید,X؛ سند 13,بد تأمین‌کننده/بس 802,PROVEN,1,MUST,A,قاعده ثبت: ۱/۱ برگشت از خرید عیناً برابر سند هلو,VERIFIED
PUR-03,خرید,اقلام خدماتی در فاکتور خرید (کارمزد/حمل),FACTART روی کالاهای 01xxx,2.22 میلیارد,PROVEN,فعال,SHOULD,C,جایگزین: هزینه‌های جانبی خرید با تسهیم,TODO
PUR-04,خرید,بالاترین خرید از اشخاص,گزارش هلو,9 اجرا,PROVEN,فعال,SHOULD,A,برابر,TODO
INV-01,کالا,کالا با کد ۷ رقمی گروه/زیرگروه/سریال,"ARTICLE, M_GROUP, S_GROUP",—,PROVEN,"9,607 کالا",MUST,B,کد و نام کالا برابر,READER_READY
INV-02,انبار,انبار = گروه اصلی؛ هر مدل در هر انبار کالای جدا,M_GROUP; حواله S/D,"3,717 جفت",PROVEN,20 گروه,MUST,C,"کالا = مدل (D-13) × انبار (012)؛ مقدار موجودی ۹,۵۹۶ از ۹,۵۹۶ کد کالای هلو برابر (E23)",VERIFIED
INV-03,انبار,حواله بین انبارها (بدون سند),FACTURE S/D,ارزش خنثی,PROVEN,482,MUST,B,انتقال جفت خروجی/ورودی به میانگین انبار مبدأ؛ مقدارها برابر (E23),VERIFIED
INV-04,انبار,موجودی = اول دوره + ورودی − خروجی,"ARTICLE.Exist, FACTART",100% کالاهای کالایی,PROVEN,فعال,MUST,A,C-07 / E11.1,VERIFIED
INV-05,انبار,میانگین موزون متحرک,"ARTICLE.Buy_Price, FACTART.Buy_Price",91–94% شبیه‌سازی,PROVEN,فعال,MUST,B,"قاعده هلو از View خودش (تاریخ، ساعت، ترتیب نوع): ۹۳٪ ردیف‌ها؛ در مدل‌های بدون سابقه منفی ۱,۸۱۷/۱,۸۲۳؛ بها همیشه مشتق (W-10)؛ ارزش پایان سال ۰.۰۰۳٪ اختلاف (E23)",IMPLEMENTED
INV-06,انبار,منع منفی شدن موجودی,MSETUP2.Negative_*,64 کالا منفی تاریخی,NEEDS_MORE_EVIDENCE,ناقص,MUST,C,موجودی منفی برای حرکت جدید رد می‌شود (Trigger، آزمون)؛ ۱۶۹ کالا×انبار منفی تاریخی هلو فهرست می‌شود,IMPLEMENTED
INV-07,انبار,ضایعات,FACTURE Z؛ سند 6010006/8010001,3,PROVEN,3,MUST,B,برابر,READER_READY
INV-08,انبار,انبارگردانی,sp_AnbarGard*,0,PROVEN,استفاده نشده,MUST,C,قابلیت جدید با سند اصلاح موجودی,TODO
INV-09,انبار,کاردکس مقداری و ریالی کالا,"W_ArtKardex*, گزارش هلو",Log A4,PROVEN,فعال,MUST,A,کاردکس یک کالای نمونه برابر,VERIFIED
INV-10,انبار,گزارش وضعیت انبار / موجودی به تفکیک انبار,گزارش هلو,Log A4,PROVEN,فعال,MUST,A,برابر,TODO
INV-11,کالا,کد جایگزین/بارکد، شناسه مالیاتی کالا,"A_Code_C, ArticleCodes, A_codeIdTax","9,604 / 2,517",PROVEN,فعال,MUST,A,برابر,TODO
INV-12,کالا,حداقل/حداکثر، محل نگهداری، تصویر، سریال، انقضا,"A_Min/A_Max, Place, Picture, ANB_SER, EXPDate",0,PROVEN,استفاده نشده,OPTIONAL,D,—,TODO
INV-13,کالا,موجودی اول دوره منفی از سال قبل,ARTICLE.First_exist<0,12 کالا,PROVEN,12,MUST,C,۱۲ افتتاحیه منفی هلو فقط به‌عنوان حرکت legacy پذیرفته و گزارش می‌شود,IMPLEMENTED
TRE-01,خزانه,صندوق‌ها و تنخواه (درختی) با حساب چک صندوق,"Cash(Sarfasl_Code, Sarfasl_Code2)",8,PROVEN,5 صندوق,MUST,A,۸ صندوق در core.cashbox با حساب نقد و حساب چک صندوق (Sarfasl_Code2)؛ مقصد چک دریافتی در برابری E18,VERIFIED
TRE-02,خزانه,حساب‌های بانکی، POS، درگاه، شبا، کارمزد,"ACOUND_N, NEWBANK",98 حساب,PROVEN,فعال,MUST,B,۹۸ حساب بانکی با حساب وصولی (Dar_*)، اسناد پرداختنی (Par_*) و کارمزد (Wage_*) — Reader v0.3؛ ۳۰۲ کارمزد همه روی حساب کارمزد تعریف‌شده همان بانک,VERIFIED
TRE-03,خزانه,دریافت (کارت/نقد/چک) و رسید,"سند 4/8/20, SaveResid","16,161 رسید",PROVEN,فعال,MUST,B,"قاعده core.treasury_posting_lines (دریافت + کارمزد + تخفیف نقدی): ۲,۲۵۰ سند دریافت هلو عیناً برابر (E19)",VERIFIED
TRE-04,خزانه,پرداخت,سند 5,289,PROVEN,فعال,MUST,A,۲۷۲ سند پرداخت عیناً برابر، از جمله پرداخت با تخفیف نقدی خرید (E19),VERIFIED
TRE-05,خزانه,انتقال بین بانک‌ها / واریز POS,سند 1,"4,734",PROVEN,فعال,MUST,A,"۴,۷۳۴ سند انتقال عیناً برابر؛ انتقال چندمبدأ به چند سند انتقال تفکیک می‌شود (E19)",VERIFIED
TRE-06,خزانه,کارمزد بانکی,سند 7/20 → 6010009,7.75 میلیارد,PROVEN,فعال,MUST,A,۲۱۰ سند کارمزد + کارمزد داخل انتقال‌ها عیناً برابر؛ ۱۸ سند نوع ۷ که کارمزد نیستند (W-33) با نوع درست ثبت می‌شوند,VERIFIED
TRE-07,خزانه,تسویه فاکتور نسیه (تخصیص دریافت به فاکتور),— (وجود ندارد),فقط متن شرح,PROVEN,ندارد,MUST,C,"قابلیت جدید (008): تسویه ردیف‌به‌ردیف با مجوز و Undo، FIFO، سن‌بندی به تاریخ؛ روی کل ۱۴۰۴: ۹,۶۴۰ حساب فرعی، سن‌بندی = مانده دفتر در ۱۲ پایان ماه (E21)",VERIFIED
TRE-08,خزانه,ریز عملکرد بانک,گزارش هلو,4 اجرا,PROVEN,فعال,MUST,A,ریز عملکرد ۶۱ حساب بانک و صندوق = هلو (مانده پایان هر روز، E20)؛ مغایرت‌گیری بانکی (010) قابلیت جدید,VERIFIED
TRE-09,خزانه,اقساط,GHEST,22,PROVEN,کم,OPTIONAL,D,—,TODO
CHQ-01,چک,چک دریافتی/پرداختی با بانک، شعبه، شماره، صیاد، صاحب,"Check, Check_Bkup","12,515",PROVEN,فعال,MUST,B,همه چک‌ها و مبالغ برابر,VERIFIED
CHQ-02,چک,"تاریخچه وضعیت (D,J,V,R,B,S,M,P,O)",Check_Event,"35,824 رویداد",PROVEN,فعال,MUST,A,"۳۵,۶۱۴ رویداد با مکان صریح از/به (core.cheque_event)؛ زنجیره مکان در پایگاه اجبار می‌شود (E18)",VERIFIED
CHQ-03,چک,اسناد خودکار هر تغییر وضعیت,"Sanad_Type 0, SND_INDX J/V/M",الگوی حساب,PROVEN,فعال,MUST,A,"سند هر رویداد = بد «به» / بس «از»: ۶,۲۲۹ از ۶,۲۳۰ سند چک هلو عیناً برابر؛ تنها استثنا دریافت تاریخ‌گذشته (W-34) که مدل جدید رد می‌کند",VERIFIED
CHQ-04,چک,خرج چک به شخص ثالث و برگشت از خرج,"V با SarFasl, S",466 مسیر,PROVEN,فعال,MUST,A,۹۵۳ خرج و ۴۷۹ برگشت از خرج با طرف صریح؛ «۰۰۰۰۰» ممنوع (W-32),VERIFIED
CHQ-05,چک,عودت/Undo وضعیت چک,Process EC «عودت…»,~850 عملیات,PROVEN,فعال,MUST,C,جایگزین: رویداد معکوس (نه حذف تاریخچه),DESIGNED
CHQ-06,چک,پرچم‌های وضعیت در جدول Check,"Vosool, DarJaryan, …",ناسازگار با رویداد,PROVEN,—,NO,C,مکان و وضعیت فقط از رویدادها مشتق می‌شود (core.cheque_location),IMPLEMENTED
CHQ-07,چک,چک ضمانت/امانی,TAZMIN + 001/002,399,PROVEN,فعال,MUST,A,دفتر چک ضمانت (core.guarantee_instrument) با ضامن الزامی: ۲۷۲ سند انتظامی عیناً برابر در سطح حساب (W-35),VERIFIED
CHQ-08,چک,گزارش چک دریافتی/پرداختی، لیست چک‌ها,گزارش هلو,38+6+1 اجرا,PROVEN,فعال,MUST,A,وضعیت هر چک (RetVazeatCheck آخرین رویداد) با مدل مکان مقایسه شد؛ تنها استثنا ۲ چک W-34 (E20),VERIFIED
CHQ-09,چک,چک‌های افتتاحیه از سال قبل,SND_INDX A (Sanad 1),"6,535",PROVEN,فعال,MUST,A,چک‌های افتتاحیه به‌عنوان موقعیت آغاز (از 005 به مکان) منتقل و برابر سند افتتاحیه هلو,VERIFIED
TAX-01,مالیات,ارسال به سامانه مؤدیان و وضعیت,"FACTURE.StateTax/FTaxId/UId/SerialFact, TaxLog",SendType 1..6,PROVEN,"20,608 ارسال",MUST,B,"سابقه ارسال ۲۰,۶۰۸ تلاش منتقل شد (014)؛ وضعیت ۱۹,۸۱۱ فاکتور = StateTax هلو؛ ۶۰ مغایرت پرچم/سابقه خود هلو (W-39، T-06)؛ کنترل‌های T-01..T-06 (E25)",VERIFIED
TAX-02,مالیات,ابطال در مؤدیان,TaxLog SendType 3,4,PROVEN,4,MUST,B,ابطال = SendType 3 (اثبات‌شده)؛ ابطال/اصلاحیه فقط با اصل پذیرفته‌شده؛ ۴ فاکتور ابطالی برابر (E25),VERIFIED
TAX-03,مالیات,مالیات بر ارزش افزوده روی فاکتور,Sum_Levy/Sum_Scot/Levy/Scot؛ MSETUP2 VAT/Darsad_Maliat/Darsad_Avarez,همه صفر؛ هیچ ثبتی در حساب‌های VAT (E13.6–E13.7),PROVEN,صفر,MUST,A,D-01: رفتار هلو حفظ می‌شود (vat_mode=holoo_compatible؛ مقدار منبع ذخیره، بدون محاسبه حدسی)؛ core test_d01_*,IMPLEMENTED
AUD-01,سوابق,Log عملیات کاربران با متن فارسی,Process,"108,730",PROVEN,فعال,MUST,B,همه ردیف‌ها Import؛ ترمیم Mojibake,READER_READY
AUD-02,سوابق,تصویر سند در هر عملیات (After-image؛ Blob ADTG) — بازیابی نسخه‌ها و اسناد حذف‌شده,Process.Blob,"46,181 Blob رمزگشایی شد؛ After-image اثبات شد (E12.2)",PROVEN,فعال,MUST,B,"Parser ADTG؛ 161,163 ردیف تاریخی؛ آخرین تصویر = سند فعلی (97%)",READER_READY
AUD-04,سوابق,Payload خام وب‌سرویس (JSON invoiceinfo),Process.WEBBLOB,"21,012 Payload؛ ErpCode 1:1 (E12.9)",PROVEN,فعال,MUST,B,R-10a/b/c؛ تطبیق روزانه وب↔دفتر,READER_READY
AUD-03,سوابق,گزارش کلی عملیات سیستم,گزارش هلو,2 اجرا,PROVEN,کم,MUST,B,—,TODO
SEC-01,امنیت,کاربران و ۲۱۱ مجوز,USERDB,16 کاربر,PROVEN,فعال,MUST,C,جایگزین: RBAC + احراز هویت امن؛ نگاشت مجوزهای کلیدی,DESIGNED
SEC-02,امنیت,کاربر سرپرست و کاربر وب‌سرویس,"USERDB.SuperVizor, User 3",6 سرپرست,PROVEN,فعال,MUST,C,جایگزین: حساب سرویس با حداقل دسترسی,READER_READY
SYS-01,سیستم,تنظیمات برنامه (Key-Value),MSETUP/MSETUP2/MSETUP3,"7,320 کلید",PROVEN,فعال,SHOULD,C,فقط تنظیمات مؤثر بر داده Import شوند,TODO
SYS-02,سیستم,پشتیبان‌گیری (محلی/DropBox) و ثبت آن,"BackInfo, Log A7",21,PROVEN,فعال,MUST,B,—,TODO
SYS-03,سیستم,سال مالی = دیتابیس جدا (OldYear),نام DB holoo1_1404، مسیر OldYear,—,PROVEN,فعال,MUST,C,جایگزین: چندساله در یک پایگاه با تفکیک کامل هر سال؛ چند سال هم‌زمان باز؛ سال جدید سال قبل را قفل نمی‌کند (D-05)؛ Reader چند Backup,IMPLEMENTED
SYS-04,سیستم,طراحی چاپ فاکتور/چک/برچسب,"PRN_FACT, CHK_TARH, SETPRINT, LABEL, Set_TncRep",—,PROVEN,فعال,SHOULD,C,قالب‌های چاپ جدید,TODO
SYS-05,سیستم,ماژول‌های بدون داده (تولید، امانی، طلا، اجاره، رستوران، گارانتی),"FAC_BILD, AB_CATCH, Gold*, VC_Facture, Res_*, Kh_*",0,PROVEN,استفاده نشده,NO,D,فقط Reader آماده شناسایی باشد,TODO
